seed,state_fips,year,n_rows,auc_dc,pi_src,pi_tgt,delta_pi,auc_src,auc_tgt,delta_auc,macro_f1_src,macro_f1_tgt,delta_macro_f1,ece_src,ece_tgt,delta_ece,brier_src,brier_tgt,delta_brier,gap_auc_src,gap_auc_tgt,delta_gap_auc
42,1,2022,49006,0.7987566775,0.8502842514212571,0.8614251316165368,0.011140880195279701,0.7932277276630368,0.8243821496123243,-0.031154421949287414,0.8551567472215084,0.8420345236526552,0.013122223568853175,0.25749404360952666,0.284207762253563,0.02671371864403632,0.17273584635947808,0.1816630449394218,0.00892719857994373,0.030047762188280647,0.008116220574336586,-0.02193154161394406
42,1,2023,29756,0.87810156,0.8502842514212571,0.8201707218712192,-0.030113529550037876,0.7932277276630368,0.8301103776898215,-0.0368826500267847,0.8551567472215084,0.7946561811592486,0.06050056606225973,0.25749404360952666,0.28916494524501873,0.03167090163549208,0.17273584635947808,0.20355060290901644,0.030814756549538358,0.030047762188280647,0.0009870080670972836,-0.029060754121183363
42,1,2024,21194,0.9190324787500002,0.8502842514212571,0.842927243559498,-0.0073570078617590795,0.7932277276630368,0.8330808220291752,-0.039853094366138375,0.8551567472215084,0.8207415844090103,0.03441516281249801,0.25749404360952666,0.28436581361788477,0.02687177000835811,0.17273584635947808,0.19197466814072595,0.01923882178124786,0.030047762188280647,0.0006270919243558382,-0.02942067026392481
42,2,2022,3962,0.8174361433619385,0.8502842514212571,0.9275618374558304,0.07727758603457335,0.7932277276630368,0.8117490341084164,-0.018521306445379526,0.8551567472215084,0.9591421202660513,-0.10398537304454292,0.25749404360952666,0.2021666528122062,-0.055327390797320464,0.17273584635947808,0.09556030320453035,-0.07717554315494773,0.030047762188280647,0.15216136108744038,0.12211359889915974
42,2,2023,4282,0.8880338276506304,0.8502842514212571,0.8021952358710883,-0.04808901555016876,0.7932277276630368,0.86786173995384,-0.07463401229080313,0.8551567472215084,0.8146430346198443,0.04051371260166403,0.25749404360952666,0.2406804426045527,-0.01681360100497395,0.17273584635947808,0.1691717137404185,-0.003564132619059579,0.030047762188280647,0.027004136568415937,-0.0030436256198647094
42,4,2022,67321,0.8325282475,0.8502842514212571,0.8455756747523061,-0.00470857666895097,0.7932277276630368,0.8429201317759629,-0.04969240411292608,0.8551567472215084,0.8239847576486079,0.03117198957290046,0.25749404360952666,0.283311559045185,0.025817515435658356,0.17273584635947808,0.18576100035519064,0.013025153995712552,0.030047762188280647,0.02676074538639428,-0.0032870168018863666
42,4,2023,45514,0.8920361787499999,0.8502842514212571,0.7695873797073428,-0.08069687171391426,0.7932277276630368,0.8555878956066612,-0.06236016794362431,0.8551567472215084,0.7902325966393511,0.06492415058215728,0.25749404360952666,0.24410147593034656,-0.013392567679180095,0.17273584635947808,0.18564343460112231,0.01290758824164423,0.030047762188280647,0.0027914289685653237,-0.027256333219715323
42,4,2024,47307,0.8859143175,0.8502842514212571,0.835626862832139,-0.014657388589118026,0.7932277276630368,0.8482493599334919,-0.05502163227045509,0.8551567472215084,0.7866662691195325,0.06849047810197584,0.25749404360952666,0.2939541801597713,0.03646013655024466,0.17273584635947808,0.19798810791925153,0.025252261559773448,0.030047762188280647,0.010847199949923336,-0.01920056223835731
42,5,2022,38819,0.78380231875,0.8502842514212571,0.8909812205363353,0.04069696911507825,0.7932277276630368,0.7934183929372809,-0.00019066527424405066,0.8551567472215084,0.7714404231048428,0.08371632411666552,0.25749404360952666,0.3453427143593271,0.08784867074980046,0.17273584635947808,0.22411504792690087,0.05137920156742279,0.030047762188280647,0.015872410459868647,-0.014175351728412
42,5,2023,28567,0.84205799625,0.8502842514212571,0.8780410963699373,0.027756844948680248,0.7932277276630368,0.8003911285485112,-0.0071634008854744025,0.8551567472215084,0.7578993034634017,0.09725744375810663,0.25749404360952666,0.34545438372221177,0.08796034011268511,0.17273584635947808,0.23189749232151421,0.05916164596203613,0.030047762188280647,0.006696739816360653,-0.023351022371919994
42,5,2024,26750,0.84588758,0.8502842514212571,0.8689345794392523,0.018650328017995266,0.7932277276630368,0.8007010476324825,-0.007473319969445669,0.8551567472215084,0.7399419984181387,0.11521474880336968,0.25749404360952666,0.3494091554231816,0.09191511181365497,0.17273584635947808,0.23998678223449849,0.0672509358750204,0.030047762188280647,0.009166029574816159,-0.020881732613464488
42,6,2022,1438530,0.7611995650000001,0.8502842514212571,0.7341341508345325,-0.11615010058672459,0.7932277276630368,0.808433753953254,-0.015206026290217167,0.8551567472215084,0.8024589476841022,0.052697799537406165,0.25749404360952666,0.1961450785511604,-0.06134896505836626,0.17273584635947808,0.1851479546044521,0.012412108244974018,0.030047762188280647,0.013137046981834377,-0.01691071520644627
42,6,2023,337144,0.899450505,0.8502842514212571,0.7025632963956054,-0.14772095502565163,0.7932277276630368,0.7979667828441042,-0.00473905518106732,0.8551567472215084,0.7034819466489565,0.1516748005725519,0.25749404360952666,0.23769794485570636,-0.019796098753820296,0.17273584635947808,0.2204086041831353,0.04767275782365721,0.030047762188280647,0.00023664640611831267,-0.029811115782162334
42,6,2024,572762,0.8879275287499999,0.8502842514212571,0.6655766269410331,-0.18470762448022393,0.7932277276630368,0.7906261551286153,0.0026015725344215035,0.8551567472215084,0.6711095854583496,0.18404716176315872,0.25749404360952666,0.2295799144114003,-0.02791412919812636,0.17273584635947808,0.22739487204185743,0.05465902568237935,0.030047762188280647,0.00038068078236519476,-0.029667081405915452
42,8,2022,119670,0.8195761899999998,0.8502842514212571,0.814941087991978,-0.03534316342927912,0.7932277276630368,0.7714415738526519,0.021786153810384956,0.8551567472215084,0.7534224318973661,0.10173431532414223,0.25749404360952666,0.28255382658884803,0.025059782979321377,0.17273584635947808,0.21755105966342766,0.04481521330394958,0.030047762188280647,0.0458003019833797,0.015752539795099052
42,8,2023,45170,0.91994744875,0.8502842514212571,0.8121540845694045,-0.038130166851852554,0.7932277276630368,0.803185242435299,-0.009957514772262144,0.8551567472215084,0.6511220384443451,0.20403470877716323,0.25749404360952666,0.34978404351219045,0.09228999990266379,0.17273584635947808,0.2607466901703152,0.08801084381083712,0.030047762188280647,0.0294552090595952,-0.0005925531286854469
42,8,2024,53974,0.9060277474999999,0.8502842514212571,0.6433097417274984,-0.20697450969375863,0.7932277276630368,0.7526503327734739,0.04057739488956291,0.8551567472215084,0.6018710249963023,0.25328572222520607,0.25749404360952666,0.2256945344210916,-0.03179950918843505,0.17273584635947808,0.24199795516451283,0.06926210880503475,0.030047762188280647,0.05168592456128074,0.02163816237300009
42,9,2022,32270,0.8415143687500001,0.8502842514212571,0.8765106910443136,0.026226439623056486,0.7932277276630368,0.7874696010694162,0.005758126593620627,0.8551567472215084,0.8200599400599401,0.035096807161568266,0.25749404360952666,0.2883283397248409,0.03083429611531424,0.17273584635947808,0.1863322129466418,0.013596366587163705,0.030047762188280647,0.013265694047308374,-0.016782068140972273
42,9,2023,24032,0.9019400287499999,0.8502842514212571,0.8815329560585885,0.031248704637331426,0.7932277276630368,0.7520455677603568,0.04118215990268004,0.8551567472215084,0.8175863806316459,0.03757036658986246,0.25749404360952666,0.28290230535965477,0.025408261750128114,0.17273584635947808,0.18761781373595557,0.014881967376477484,0.030047762188280647,0.0215645257203132,-0.008483236467967448
42,9,2024,20763,0.9116885599999999,0.8502842514212571,0.879978808457352,0.029694557036094915,0.7932277276630368,0.7816684453685658,0.011559282294471007,0.8551567472215084,0.8091369289419411,0.04601981827956725,0.25749404360952666,0.29446674546391244,0.03697270185438578,0.17273584635947808,0.19051051092516916,0.017774664565691073,0.030047762188280647,0.00954253773950775,-0.020505224448772896
42,10,2022,6914,0.8623136389933469,0.8502842514212571,0.7655481631472375,-0.08473608827401957,0.7932277276630368,0.835445427265161,-0.04221769960212418,0.8551567472215084,0.748040313549832,0.10711643367167634,0.25749404360952666,0.2649115481397695,0.007417504530242869,0.17273584635947808,0.20252011008720708,0.029784263727728993,0.030047762188280647,0.014412002415279512,-0.015635759773001134
42,10,2023,2236,0.9346316636851519,0.8502842514212571,0.766994633273703,-0.08328961814755409,0.7932277276630368,0.8821206135319497,-0.08889288586891286,0.8551567472215084,0.9137542277339347,-0.0585974805124263,0.25749404360952666,0.15044766628397224,-0.10704637732555441,0.17273584635947808,0.12671554569248186,-0.04602030066699622,0.030047762188280647,0.020216152156729672,-0.009831610031550975
42,10,2024,2497,0.9298482579094914,0.8502842514212571,0.789347216659992,-0.06093703476126511,0.7932277276630368,0.9000121534107681,-0.10678442574773128,0.8551567472215084,0.9229618548990277,-0.06780510767751935,0.25749404360952666,0.1575583130351572,-0.09993573057436947,0.17273584635947808,0.11746670472717981,-0.05526914163229828,0.030047762188280647,0.022944204646415334,-0.007103557541865313
42,11,2023,509,0.9071598231827112,0.8502842514212571,0.9351669941060904,0.08488274268483331,0.7932277276630368,0.7230710466004577,0.07015668106257911,0.8551567472215084,0.9384288747346072,-0.08327212751309887,0.25749404360952666,0.21063612906768775,-0.04685791454183891,0.17273584635947808,0.10765537654477646,-0.06508046981470163,0.030047762188280647,0.23896769635843818,0.20891993417015753
42,12,2022,1580223,0.692753275,0.8502842514212571,0.7731092383796464,-0.07717501304161067,0.7932277276630368,0.7541810589481734,0.0390466687148634,0.8551567472215084,0.8101429362784226,0.045013810943085764,0.25749404360952666,0.20400955244191432,-0.053484491167612336,0.17273584635947808,0.1904689265436125,0.017733080184134414,0.030047762188280647,0.014889816454736526,-0.01515794573354412
42,12,2023,1508709,0.80161437875,0.8502842514212571,0.7337399061051535,-0.11654434531610358,0.7932277276630368,0.7907906753985288,0.002437052264508077,0.8551567472215084,0.7781701864416156,0.07698656077989274,0.25749404360952666,0.2050709375589201,-0.052423106050606544,0.17273584635947808,0.19634640030514014,0.023610553945662055,0.030047762188280647,0.0009999139660930023,-0.029047848222187644
42,12,2024,1576739,0.8027875999999999,0.8502842514212571,0.7362765809686955,-0.11400767045256155,0.7932277276630368,0.777190223175036,0.016037504488000787,0.8551567472215084,0.774337308914252,0.08081943830725635,0.25749404360952666,0.20245056097480965,-0.055043482634717006,0.17273584635947808,0.19840477643880763,0.02566893007932955,0.030047762188280647,0.0036862117420525253,-0.02636155044622812
42,13,2022,136946,0.73836952625,0.8502842514212571,0.8487067895374819,-0.0015774618837751664,0.7932277276630368,0.791916586066054,0.0013111415969828677,0.8551567472215084,0.8498869756927971,0.00526977152871122,0.25749404360952666,0.24897628544119407,-0.008517758168332584,0.17273584635947808,0.1715038910910182,-0.0012319552684598722,0.030047762188280647,0.012159653219671496,-0.01788810896860915
42,13,2023,115077,0.8249002625,0.8502842514212571,0.790131824778192,-0.06015242664306508,0.7932277276630368,0.829228672269906,-0.0360009446068692,0.8551567472215084,0.8399509382758478,0.015205808945660593,0.25749404360952666,0.21248053883753248,-0.04501350477199417,0.17273584635947808,0.16829407084654305,-0.004441775512935037,0.030047762188280647,0.015251576231508412,-0.014796185956772234
42,13,2024,82042,0.8533601812499999,0.8502842514212571,0.8420199410058263,-0.008264310415430742,0.7932277276630368,0.8530723744760564,-0.0598446468130196,0.8551567472215084,0.8468653154704229,0.008291431751085487,0.25749404360952666,0.2595271034626691,0.0020330598531424493,0.17273584635947808,0.1669827729430684,-0.005753073416409682,0.030047762188280647,0.0045412213405333635,-0.025506540847747283
42,15,2022,5464,0.9725018621888727,0.8502842514212571,0.7417642752562226,-0.1085199761650345,0.7932277276630368,0.8538472258870462,-0.06061949822400936,0.8551567472215084,0.7486895748398369,0.10646717238167147,0.25749404360952666,0.2545743241234054,-0.0029197194861212417,0.17273584635947808,0.19554516751923276,0.022809321159754675,0.030047762188280647,0.010483154223945412,-0.019564607964335234
42,15,2023,2864,0.9805237255586592,0.8502842514212571,0.6941340782122905,-0.15615017320896663,0.7932277276630368,0.8340597236386356,-0.04083199597559872,0.8551567472215084,0.7268422610239715,0.12831448619753683,0.25749404360952666,0.23175653334061017,-0.02573751026891649,0.17273584635947808,0.2051594749031025,0.032423628543624405,0.030047762188280647,0.028134121890347696,-0.0019136402979329503
42,15,2024,1958,0.9751755490296221,0.8502842514212571,0.6230847803881512,-0.2271994710331059,0.7932277276630368,0.8606107556977208,-0.06738302803468399,0.8551567472215084,0.7140115163147792,0.14114523090672915,0.25749404360952666,0.19157895248511314,-0.06591509112441352,0.17273584635947808,0.1822414074508396,0.009505561091361525,0.030047762188280647,0.010321733821733736,-0.01972602836654691
42,16,2022,28699,0.8463346412500001,0.8502842514212571,0.8733753789330638,0.023091127511806753,0.7932277276630368,0.8029965128640217,-0.009768785200984897,0.8551567472215084,0.7894736842105263,0.06568306301098203,0.25749404360952666,0.3133834710292674,0.055889427419740734,0.17273584635947808,0.20204701939334824,0.029311173033870153,0.030047762188280647,0.006603298604011432,-0.023444463584269215
42,16,2023,16789,0.8937917967121329,0.8502842514212571,0.8172017392340223,-0.03308251218723479,0.7932277276630368,0.8046845536147709,-0.011456825951734029,0.8551567472215084,0.7521367521367521,0.10301999508475623,0.25749404360952666,0.3028181227326941,0.04532407912316744,0.17273584635947808,0.22109165083358526,0.04835580447410717,0.030047762188280647,0.0630479005202651,0.03300013833198445
42,16,2024,17562,0.886658484227309,0.8502842514212571,0.8271836920624075,-0.02310055935884958,0.7932277276630368,0.8214592290739877,-0.028231501410950877,0.8551567472215084,0.7574676402256887,0.09768910699581967,0.25749404360952666,0.3030739132662589,0.04557986965673222,0.17273584635947808,0.21162802086099733,0.038892174501519244,0.030047762188280647,0.053863550388987935,0.02381578820070729
42,17,2022,188245,0.7545131775,0.8502842514212571,0.8726818773406996,0.0223976259194425,0.7932277276630368,0.8107964943252512,-0.017568766662214408,0.8551567472215084,0.8735180441767854,-0.018361296955276996,0.25749404360952666,0.2453445206539912,-0.012149522955535452,0.17273584635947808,0.15692983592080922,-0.01580601043866886,0.030047762188280647,0.01346147131296771,-0.016586290875312937
42,17,2023,145228,0.83351859375,0.8502842514212571,0.851585093783568,0.0013008423623108722,0.7932277276630368,0.8167017306297648,-0.02347400296672797,0.8551567472215084,0.8632002502911372,-0.008043503069628866,0.25749404360952666,0.23370897407788768,-0.023785069531638975,0.17273584635947808,0.15930584835972203,-0.013429997999756055,0.030047762188280647,0.016763903369908517,-0.01328385881837213
42,17,2024,133363,0.8330824825,0.8502842514212571,0.8442146622376521,-0.006069589183605006,0.7932277276630368,0.8388700762720647,-0.04564234860902783,0.8551567472215084,0.8584808195502516,-0.0033240723287432106,0.25749404360952666,0.23898665300481442,-0.018507390604712237,0.17273584635947808,0.1593504805746487,-0.013385365784829378,0.030047762188280647,0.0269004566108475,-0.003147305577433146
42,18,2022,120998,0.7953213987500001,0.8502842514212571,0.8573943370964809,0.007110085675223865,0.7932277276630368,0.7753730791842388,0.01785464847879803,0.8551567472215084,0.762817133820732,0.09233961340077634,0.25749404360952666,0.3185822215666266,0.06108817795709992,0.17273584635947808,0.22024669838723374,0.04751085202775565,0.030047762188280647,0.043058598318033825,0.013010836129753178
42,18,2023,103212,0.8348911224999999,0.8502842514212571,0.8399410921210712,-0.010343159300185922,0.7932277276630368,0.7929641576971336,0.0002635699659032653,0.8551567472215084,0.7681671259909496,0.08698962123055876,0.25749404360952666,0.3003523681707918,0.04285832456126515,0.17273584635947808,0.21234205802314035,0.039606211663662266,0.030047762188280647,0.03101068513937344,0.0009629229510927928
42,18,2024,93840,0.8358728,0.8502842514212571,0.8364343563512362,-0.013849895070020879,0.7932277276630368,0.7968732964815226,-0.003645568818485767,0.8551567472215084,0.7568693009118541,0.09828744630965425,0.25749404360952666,0.30665828792446526,0.0491642443149386,0.17273584635947808,0.21711185779968847,0.04437601144021039,0.030047762188280647,0.01591857572705435,-0.014129186461226295
42,19,2022,58572,0.8700188750000001,0.8502842514212571,0.9051936078672403,0.05490935644598327,0.7932277276630368,0.8023234296671395,-0.009095702004102701,0.8551567472215084,0.7236677596659669,0.1314889875555415,0.25749404360952666,0.38817615819286055,0.1306821145833339,0.17273584635947808,0.2460979581936767,0.0733621118341986,0.030047762188280647,0.05786850468489302,0.027820742496612372
42,19,2023,44069,0.8894921475,0.8502842514212571,0.8890149538224148,0.038730702401157724,0.7932277276630368,0.7928416121611939,0.00038611550184297627,0.8551567472215084,0.7480541271148259,0.10710262010668248,0.25749404360952666,0.34762611895006656,0.09013207534053991,0.17273584635947808,0.2260512974988819,0.05331545113940381,0.030047762188280647,0.05738821476852518,0.027340452580244534
42,19,2024,44550,0.8797181862500001,0.8502842514212571,0.8745903479236813,0.024306096502424213,0.7932277276630368,0.7995673898255444,-0.006339662162507587,0.8551567472215084,0.7493429953193276,0.10581375190218079,0.25749404360952666,0.33275743384261014,0.07526339023308348,0.17273584635947808,0.22164340144675637,0.04890755508727829,0.030047762188280647,0.05380370534041945,0.023755943152138803
42,20,2022,21455,0.9230264775,0.8502842514212571,0.8602190631554416,0.009934811734184534,0.7932277276630368,0.8299794484305059,-0.03675172076746902,0.8551567472215084,0.8449489352780856,0.010207811943422795,0.25749404360952666,0.2637071518201436,0.0062131082106169355,0.17273584635947808,0.17209828604440178,-0.0006375603150763076,0.030047762188280647,0.01694516187720896,-0.013102600311071688
42,20,2023,15819,0.938458197420823,0.8502842514212571,0.8197736898666161,-0.030510561554640936,0.7932277276630368,0.8296392804368997,-0.036411552773862876,0.8551567472215084,0.8393874193140108,0.01576932790749752,0.25749404360952666,0.23657213034218819,-0.02092191326733847,0.17273584635947808,0.17274213661579163,6.29025631354585e-06,0.030047762188280647,0.012881235177828243,-0.017166527010452404
42,20,2024,16826,0.9225102846784738,0.8502842514212571,0.8140377986449543,-0.036246452776302784,0.7932277276630368,0.8387252197744672,-0.04549749211143039,0.8551567472215084,0.8459644105497299,0.009192336671778434,0.25749404360952666,0.23117120746690925,-0.026322836142617406,0.17273584635947808,0.16889550437394618,-0.003840341985531903,0.030047762188280647,0.01565137341214773,-0.014396388776132918
42,21,2022,46198,0.7834486625,0.8502842514212571,0.9122472834321832,0.06196303201092612,0.7932277276630368,0.7895514062435032,0.003676321419533668,0.8551567472215084,0.7839801723652341,0.07117657485627427,0.25749404360952666,0.3564069331427175,0.09891288953319083,0.17273584635947808,0.2172189326980031,0.04448308633852502,0.030047762188280647,0.022915629150214833,-0.007132133038065813
42,21,2023,40708,0.8367322100000001,0.8502842514212571,0.8920359634469883,0.04175171202573125,0.7932277276630368,0.7965008190856846,-0.003273091422647756,0.8551567472215084,0.7763603910459004,0.07879635617560798,0.25749404360952666,0.3437667302899923,0.08627268668046562,0.17273584635947808,0.21683405771347777,0.04409821135399969,0.030047762188280647,0.0005302866800187545,-0.029517475508261892
42,21,2024,43849,0.8281376675000001,0.8502842514212571,0.8745923510228284,0.02430809960157132,0.7932277276630368,0.8054054227709528,-0.012177695107915998,0.8551567472215084,0.785474911628334,0.06968183559317431,0.25749404360952666,0.32198371852187574,0.06448967491234908,0.17273584635947808,0.2072819588892004,0.03454611252972231,0.030047762188280647,0.011781848872029821,-0.018265913316250826
42,22,2022,36762,0.78862933375,0.8502842514212571,0.8935041619063163,0.04321991048505924,0.7932277276630368,0.8514538146033388,-0.05822608694030196,0.8551567472215084,0.8991527208514912,-0.043995973629982865,0.25749404360952666,0.25628648124557984,-0.0012075623639468125,0.17273584635947808,0.14089958365696062,-0.031836262702517465,0.030047762188280647,0.004199369266822739,-0.025848392921457908
42,22,2023,25642,0.84993785625,0.8502842514212571,0.8755947274003588,0.025310475979101743,0.7932277276630368,0.8468758499497637,-0.053648122286726885,0.8551567472215084,0.887040425885876,-0.03188367866436759,0.25749404360952666,0.2513524476359346,-0.00614159597359204,0.17273584635947808,0.1481827137152219,-0.02455313264425618,0.030047762188280647,0.024684271721418627,-0.00536349046686202
42,22,2024,26115,0.85710996625,0.8502842514212571,0.8801072180739039,0.029822966652646832,0.7932277276630368,0.8399012357811464,-0.04667350811810955,0.8551567472215084,0.8573619264406374,-0.0022051792191289943,0.25749404360952666,0.2738484836928316,0.016354440083304944,0.17273584635947808,0.16238737547823004,-0.010348470881248045,0.030047762188280647,0.0016518031904340091,-0.028395958997846638
42,23,2022,17086,0.8723255457684655,0.8502842514212571,0.851106168793164,0.000821917371906955,0.7932277276630368,0.7734255726635233,0.019802154999513544,0.8551567472215084,0.792886781268524,0.062269965952984396,0.25749404360952666,0.28598734511109464,0.02849330150156798,0.17273584635947808,0.2018825722705561,0.029146725911078003,0.030047762188280647,0.019438983572383606,-0.010608778615897041
42,23,2023,12085,0.921288965659909,0.8502842514212571,0.8190318576748035,-0.03125239374645361,0.7932277276630368,0.7964668054946924,-0.003239077831655557,0.8551567472215084,0.7746900887139416,0.08046665850756674,0.25749404360952666,0.2860197235343765,0.028525679924849834,0.17273584635947808,0.2092157666373073,0.0364799202778292,0.030047762188280647,0.04124829661466456,0.011200534426383912
42,23,2024,14066,0.9039969874164652,0.8502842514212571,0.8223375515427271,-0.027946699878529935,0.7932277276630368,0.8144950553922614,-0.021267327729224572,0.8551567472215084,0.7840943151163953,0.0710624321051131,0.25749404360952666,0.280109875208627,0.022615831599100356,0.17273584635947808,0.1992229148125135,0.026487068453035417,0.030047762188280647,0.08491730505708706,0.05486954286880641
42,24,2022,85252,0.7947437337500001,0.8502842514212571,0.9182893069957303,0.06800505557447323,0.7932277276630368,0.8388574806090423,-0.045629752946005464,0.8551567472215084,0.906609136918088,-0.051452389696579615,0.25749404360952666,0.2677554473723052,0.010261403762778565,0.17273584635947808,0.13741388208735741,-0.03532196427212067,0.030047762188280647,0.026173844974346494,-0.0038739172139341527
42,24,2023,46905,0.8688387975,0.8502842514212571,0.8650676900117258,0.014783438590468712,0.7932277276630368,0.8324311246070488,-0.03920339694401198,0.8551567472215084,0.8686650679456435,-0.013508320724135103,0.25749404360952666,0.2533574497676235,-0.00413659384190318,0.17273584635947808,0.1581360782380259,-0.014599768121452195,0.030047762188280647,0.04435346080720981,0.014305698618929164
42,24,2024,40588,0.87796163875,0.8502842514212571,0.8700601162905293,0.019775864869272186,0.7932277276630368,0.8534259891576967,-0.0601982614946599,0.8551567472215084,0.8686116731277125,-0.013454925906204118,0.25749404360952666,0.2543596032713237,-0.0031344403382029817,0.17273584635947808,0.1525146322233934,-0.020221214136084686,0.030047762188280647,0.024554811096840767,-0.005492951091439879
42,25,2022,77989,0.8802926487500001,0.8502842514212571,0.8473118003821052,-0.002972451039151891,0.7932277276630368,0.8363278972111958,-0.043100169548158984,0.8551567472215084,0.840100435837791,0.015056311383717325,0.25749404360952666,0.2554990218205619,-0.001995021788964768,0.17273584635947808,0.1691953294051241,-0.0035405169543539783,0.030047762188280647,0.0036353903828862943,-0.026412371805394352
42,25,2023,48852,0.9383115887500001,0.8502842514212571,0.8085237042495701,-0.04176054717168698,0.7932277276630368,0.8422952115762246,-0.049067483913187715,0.8551567472215084,0.8132887899034892,0.04186795731801918,0.25749404360952666,0.24951859714317104,-0.007975446466355618,0.17273584635947808,0.17930956138826168,0.006573715028783594,0.030047762188280647,0.01023457428834973,-0.019813187899930917
42,25,2024,51437,0.9297223724999999,0.8502842514212571,0.8102533195948441,-0.04003093182641293,0.7932277276630368,0.8450608298322342,-0.05183310216919734,0.8551567472215084,0.8220797893067817,0.033076957914726646,0.25749404360952666,0.2442173747776351,-0.013276668831891547,0.17273584635947808,0.17416231476484254,0.0014264684053644505,0.030047762188280647,0.014921588069306102,-0.015126174118974545
42,26,2022,116318,0.8045031975000001,0.8502842514212571,0.8542959817053251,0.0040117302840679825,0.7932277276630368,0.8203006653149205,-0.027072937651883677,0.8551567472215084,0.7843445661879054,0.07081218103360298,0.25749404360952666,0.31428865261425815,0.05679460900473149,0.17273584635947808,0.20980376941599785,0.037067923056519764,0.030047762188280647,0.0011883170517963393,-0.028859445136484307
42,26,2023,120356,0.83784698875,0.8502842514212571,0.7991458672604607,-0.05113838416079641,0.7932277276630368,0.7417184253910867,0.051509302271950164,0.8551567472215084,0.7631904173400513,0.09196632988145703,0.25749404360952666,0.2569412539451826,-0.0005527896643440777,0.17273584635947808,0.21518660542122403,0.042450759061745946,0.030047762188280647,0.017175370212185848,-0.012872391976094799
42,26,2024,88629,0.8548907937500001,0.8502842514212571,0.8353586297938598,-0.0149256216273973,0.7932277276630368,0.8326376384583614,-0.03940991079532452,0.8551567472215084,0.7742297637567962,0.08092698346471217,0.25749404360952666,0.3070824655484949,0.04958842193896823,0.17273584635947808,0.21126753151705663,0.038531685157578544,0.030047762188280647,0.014152464868843695,-0.015895297319436952
42,27,2022,67723,0.8034063425,0.8502842514212571,0.9168229405076562,0.06653868908639915,0.7932277276630368,0.8127163552035022,-0.01948862754046532,0.8551567472215084,0.834087204937096,0.02106954228441238,0.25749404360952666,0.30795963056205355,0.0504655869525269,0.17273584635947808,0.17668336984328428,0.003947523483806198,0.030047762188280647,0.024792230785817715,-0.005255531402462932
42,27,2023,51229,0.8691339125000002,0.8502842514212571,0.900544613402565,0.0502603619813079,0.7932277276630368,0.8216153349931314,-0.0283876073300946,0.8551567472215084,0.8141934191415836,0.040963328079924755,0.25749404360952666,0.31265817369375826,0.0551641300842316,0.17273584635947808,0.1899422347659046,0.01720638840642652,0.030047762188280647,0.025552092822016093,-0.004495669366264554
42,27,2024,52461,0.86117218875,0.8502842514212571,0.8915765997598216,0.041292348338564544,0.7932277276630368,0.8313811679343175,-0.03815344027128065,0.8551567472215084,0.8190216121136081,0.03613513510790023,0.25749404360952666,0.3014286444240938,0.043934600814567126,0.17273584635947808,0.18424521541351283,0.01150936905403474,0.030047762188280647,0.015315794810588423,-0.014731967377692223
42,28,2022,41058,0.8320690787499999,0.8502842514212571,0.852428272200302,0.002144020779044964,0.7932277276630368,0.7654224044248146,0.027805323238222268,0.8551567472215084,0.6940955680669842,0.16106117915452411,0.25749404360952666,0.35729770683821704,0.09980366322869039,0.17273584635947808,0.25488372757629013,0.08214788121681205,0.030047762188280647,0.03179023825185778,0.0017424760635771364
42,28,2023,31654,0.8732167737500001,0.8502842514212571,0.8338598597333671,-0.016424391687890005,0.7932277276630368,0.7843632836677101,0.00886444399532671,0.8551567472215084,0.6930422919508867,0.16211445527062163,0.25749404360952666,0.3426052225206927,0.08511117891116604,0.17273584635947808,0.2480797615154501,0.07534391515597202,0.030047762188280647,0.022246734318636108,-0.007801027869644539
42,28,2024,38944,0.8561288162500001,0.8502842514212571,0.8314759654889071,-0.018808285932349955,0.7932277276630368,0.8002821150317914,-0.007054387368754522,0.8551567472215084,0.7527284181659841,0.10242832905552424,0.25749404360952666,0.31068442191097756,0.0531903783014509,0.17273584635947808,0.22100524245643846,0.048269396096960376,0.030047762188280647,0.018339016328291047,-0.0117087458599896
42,29,2022,104481,0.75987085125,0.8502842514212571,0.8709239000392416,0.020639648617984507,0.7932277276630368,0.7963354544311252,-0.003107726768088348,0.8551567472215084,0.838408839508889,0.01674790771261936,0.25749404360952666,0.28209379764217385,0.024599754032647192,0.17273584635947808,0.18016769179919023,0.007431845439712148,0.030047762188280647,0.022821137540760095,-0.007226624647520552
42,29,2023,76007,0.8262270637499999,0.8502842514212571,0.859157709158367,0.008873457737109902,0.7932277276630368,0.8375064177444185,-0.04427869008138163,0.8551567472215084,0.831089478044739,0.02406726917676938,0.25749404360952666,0.28485977612883634,0.027365732519309682,0.17273584635947808,0.18095470471112338,0.008218858351645292,0.030047762188280647,0.01384717358322951,-0.016200588605051136
42,29,2024,78464,0.8170120325,0.8502842514212571,0.8759813417618271,0.025697090340569995,0.7932277276630368,0.8532676361472635,-0.06003990848422669,0.8551567472215084,0.8421242065309862,0.013032540690522176,0.25749404360952666,0.28972473481090516,0.0322306912013785,0.17273584635947808,0.17421704524596407,0.0014811988864859849,0.030047762188280647,0.013011172688980777,-0.01703658949929987
42,30,2022,22846,0.81978645875,0.8502842514212571,0.840759870436838,-0.0095243809844191,0.7932277276630368,0.7319580440415723,0.061269683621464566,0.8551567472215084,0.7561889102037088,0.09896783701779954,0.25749404360952666,0.29303535344409193,0.03554130983456527,0.17273584635947808,0.22025738805929568,0.04752154169981759,0.030047762188280647,0.008785506471232551,-0.021262255717048095
42,30,2023,14065,0.8622670583007465,0.8502842514212571,0.8100959829363669,-0.04018826848489021,0.7932277276630368,0.81488679171754,-0.02165906405450313,0.8551567472215084,0.7662277304415182,0.08892901677999021,0.25749404360952666,0.2789653245607196,0.02147128095119294,0.17273584635947808,0.2051336764481817,0.032397830088703616,0.030047762188280647,0.11792521982217896,0.08787745763389831
42,30,2024,11556,0.8817625886985115,0.8502842514212571,0.7892004153686397,-0.06108383605261736,0.7932277276630368,0.8164937532408607,-0.023266025577823868,0.8551567472215084,0.7193548387096774,0.13580190851183094,0.25749404360952666,0.2930861465891948,0.03559210297966814,0.17273584635947808,0.2202216574400162,0.04748581108053812,0.030047762188280647,0.07802981952635935,0.0479820573380787
42,31,2022,24475,0.82589083,0.8502842514212571,0.9039836567926456,0.05369940537138851,0.7932277276630368,0.8221800985695396,-0.02895237090650271,0.8551567472215084,0.8344928503581239,0.020663896863384434,0.25749404360952666,0.30223774153733135,0.04474369792780469,0.17273584635947808,0.18088886511853283,0.008153018759054748,0.030047762188280647,0.04522504785799786,0.015177285669717211
42,31,2023,18503,0.8708449940550181,0.8502842514212571,0.8762362860076744,0.025952034586417372,0.7932277276630368,0.8364990814153388,-0.043271353752301955,0.8551567472215084,0.8140006402731832,0.041156106948325166,0.25749404360952666,0.2964141864233932,0.03892014281386652,0.17273584635947808,0.18798909527576024,0.015253248916282158,0.030047762188280647,0.03630723271349634,0.0062594705252156935
42,31,2024,19126,0.8660730850674474,0.8502842514212571,0.868085328871693,0.01780107745043591,0.7932277276630368,0.8422432789570067,-0.04901555129396984,0.8551567472215084,0.83022731927094,0.024929427950568406,0.25749404360952666,0.2804249710766869,0.022930927467160245,0.17273584635947808,0.17817553569844224,0.00543968933896416,0.030047762188280647,0.0029816061667318206,-0.027066156021548826
42,32,2022,5256,0.9558130517503804,0.8502842514212571,0.8679604261796042,0.017676174758347152,0.7932277276630368,0.8106111190425351,-0.017383391379498292,0.8551567472215084,0.7965345903936807,0.058622156827827676,0.25749404360952666,0.2968803066697373,0.03938626306021065,0.17273584635947808,0.20080529113721043,0.02806944477773235,0.030047762188280647,0.06914011766619388,0.03909235547791323
42,32,2023,3474,0.95283136154289,0.8502842514212571,0.7446747265400115,-0.10560952488124553,0.7932277276630368,0.9005059117458769,-0.10727818408284007,0.8551567472215084,0.8715406856670798,-0.0163839384455714,0.25749404360952666,0.19310275092701382,-0.06439129268251284,0.17273584635947808,0.14513934752992066,-0.02759649882955742,0.030047762188280647,0.045351478130209344,0.015303715941928697
42,32,2024,2669,0.9697326245784939,0.8502842514212571,0.7186212064443612,-0.13166304497689585,0.7932277276630368,0.8938450505339424,-0.10061732287090552,0.8551567472215084,0.8729189789123196,-0.01776223169081126,0.25749404360952666,0.18225122549279515,-0.0752428181167315,0.17273584635947808,0.14726083177658986,-0.025475014582888228,0.030047762188280647,0.039121898735203886,0.00907413654692324
42,33,2022,10824,0.8914582986881004,0.8502842514212571,0.8438654841093866,-0.006418767311870521,0.7932277276630368,0.7824042235072026,0.010823504155834218,0.8551567472215084,0.6859601637865224,0.169196583434986,0.25749404360952666,0.3361910529666089,0.07869700935708224,0.17273584635947808,0.24493825627391017,0.07220240991443208,0.030047762188280647,0.050338478946266196,0.02029071675798555
42,33,2023,9118,0.9277046885281861,0.8502842514212571,0.739526211888572,-0.11075803953268504,0.7932277276630368,0.7903116682407487,0.0029160594222881198,0.8551567472215084,0.618029104404727,0.23712764281678134,0.25749404360952666,0.2924654479689969,0.03497140435947027,0.17273584635947808,0.24630468772624972,0.07356884136677164,0.030047762188280647,0.010081332310484248,-0.0199664298777964
42,33,2024,11635,0.8782713085517833,0.8502842514212571,0.7870219166308552,-0.06326233479040189,0.7932277276630368,0.8343461998182014,-0.04111847215516451,0.8551567472215084,0.7782368270514206,0.07691992017008775,0.25749404360952666,0.25410998301911114,-0.0033840605904155163,0.17273584635947808,0.19265371973607967,0.019917873376601586,0.030047762188280647,0.007455529047304621,-0.022592233140976026
42,34,2022,92492,0.8400435125,0.8502842514212571,0.8195087142671799,-0.030775537154077215,0.7932277276630368,0.8480703207730378,-0.05484259311000095,0.8551567472215084,0.8002537043122091,0.05490304290929926,0.25749404360952666,0.2689134227086838,0.011419379099157134,0.17273584635947808,0.18605697209689265,0.013321125737414563,0.030047762188280647,0.017485659530111164,-0.012562102658169483
42,34,2023,60795,0.910527825,0.8502842514212571,0.7454724895139403,-0.10481176190731678,0.7932277276630368,0.843138157808637,-0.04991043014560015,0.8551567472215084,0.7251894940948351,0.12996725312667323,0.25749404360952666,0.2606244464998271,0.003130402890300421,0.17273584635947808,0.20709442364458208,0.034358577285104,0.030047762188280647,0.022930498515295494,-0.007117263672985152
42,34,2024,59381,0.90886085125,0.8502842514212571,0.7592664320237112,-0.09101781939754583,0.7932277276630368,0.8537765678764906,-0.06054884021345375,0.8551567472215084,0.7387026485674457,0.11645409865406264,0.25749404360952666,0.2655586609992682,0.008064617389741568,0.17273584635947808,0.20227422510106877,0.029538378741590682,0.030047762188280647,0.020818397963406787,-0.00922936422487386
42,35,2022,14510,0.8280183287388008,0.8502842514212571,0.9191592005513439,0.06887494913008685,0.7932277276630368,0.786454728785901,0.006772998877135894,0.8551567472215084,0.9120357661084748,-0.05687901888696645,0.25749404360952666,0.2512274621975605,-0.006266581411966177,0.17273584635947808,0.13562941597421208,-0.03710643038526601,0.030047762188280647,0.004991837267393606,-0.02505592492088704
42,35,2023,4420,0.9432226753393665,0.8502842514212571,0.8260180995475113,-0.02426615187374581,0.7932277276630368,0.8171491573464915,-0.023921429683454676,0.8551567472215084,0.7692307692307693,0.08592597799073909,0.25749404360952666,0.2921455126396029,0.034651469030076265,0.17273584635947808,0.20861587819613178,0.0358800318366537,0.030047762188280647,0.07650612266569201,0.046458360477411365
42,35,2024,20477,0.87439509375,0.8502842514212571,0.913756897983103,0.06347264656184592,0.7932277276630368,0.8004106298745786,-0.00718290221154172,0.8551567472215084,0.9165115439113161,-0.0613547966898077,0.25749404360952666,0.2537287082738727,-0.00376533533565393,0.17273584635947808,0.1357622298374469,-0.03697361652203118,0.030047762188280647,0.05895217172126355,0.0289044095329829
42,36,2022,219235,0.7881297812500001,0.8502842514212571,0.8209455606997058,-0.029338690721551264,0.7932277276630368,0.7904375639382737,0.0027901637247631506,0.8551567472215084,0.7436629894500231,0.11149375777148529,0.25749404360952666,0.30677471240639387,0.04928066879686721,0.17273584635947808,0.22476786544485264,0.05203201908537455,0.030047762188280647,0.022037207437721973,-0.008010554750558674
42,36,2023,157294,0.8539554687500001,0.8502842514212571,0.773386143145956,-0.07689810827530108,0.7932277276630368,0.8025841803395919,-0.00935645267655505,0.8551567472215084,0.7246699888538454,0.130486758367663,0.25749404360952666,0.28399929427768533,0.026505250668158675,0.17273584635947808,0.22580653440647894,0.05307068804700085,0.030047762188280647,0.02704132992175956,-0.0030064322665210863
42,36,2024,164460,0.8570133287500001,0.8502842514212571,0.7618448254894807,-0.08843942593177634,0.7932277276630368,0.790855360879835,0.0023723667832018513,0.8551567472215084,0.7154012342688846,0.13975551295262378,0.25749404360952666,0.2779579061158384,0.02046386250631177,0.17273584635947808,0.23033653139319554,0.05760068503371746,0.030047762188280647,0.01604885178390325,-0.013998910404377396
42,37,2022,256903,0.82119408625,0.8502842514212571,0.740022498764125,-0.11026175265713212,0.7932277276630368,0.8835798449141194,-0.09035211725108261,0.8551567472215084,0.7544448683708508,0.10071187885065758,0.25749404360952666,0.27266335109674217,0.015169307487215511,0.17273584635947808,0.19980375995935737,0.027067913599879284,0.030047762188280647,0.010267368955109935,-0.019780393233170712
42,37,2023,214436,0.8807271799999999,0.8502842514212571,0.679438154041299,-0.17084609737995804,0.7932277276630368,0.8858750577066146,-0.09264733004357772,0.8551567472215084,0.7334095771842386,0.12174717003726976,0.25749404360952666,0.2521544092774929,-0.005339634332033771,0.17273584635947808,0.19945363854179077,0.026717792182312683,0.030047762188280647,0.017348646112960164,-0.012699116075320482
42,37,2024,149491,0.85942127375,0.8502842514212571,0.8350803727314687,-0.015203878689788342,0.7932277276630368,0.8386886289613762,-0.04546090129833935,0.8551567472215084,0.773987920027524,0.08116882719398433,0.25749404360952666,0.3046881065186752,0.047194062909148515,0.17273584635947808,0.20757834264491948,0.03484249628544139,0.030047762188280647,0.004739274909080438,-0.02530848727920021
42,38,2022,10816,0.830437213387574,0.8502842514212571,0.9206730769230769,0.0703888255018198,0.7932277276630368,0.7717323598273591,0.021495367835677737,0.8551567472215084,0.8765674408461455,-0.0214106936246371,0.25749404360952666,0.26456188464754943,0.007067841038022771,0.17273584635947808,0.15244367780779164,-0.020292168551686446,0.030047762188280647,0.04934885509893272,0.019301092910652073
42,38,2023,7639,0.8886064275428721,0.8502842514212571,0.9041759392590654,0.05389168783780829,0.7932277276630368,0.765185255949258,0.028042471713778827,0.8551567472215084,0.8402654151157145,0.014891332105793853,0.25749404360952666,0.2749262434281152,0.017432199818588567,0.17273584635947808,0.1735194573813354,0.0007836110218573111,0.030047762188280647,0.007160526151616331,-0.022887236036664316
42,38,2024,7008,0.8916159817351599,0.8502842514212571,0.8958333333333334,0.045549081912076295,0.7932277276630368,0.8448221010966765,-0.051594373433639706,0.8551567472215084,0.8219981668194317,0.03315858040207664,0.25749404360952666,0.2936258319966969,0.03613178838717024,0.17273584635947808,0.17876678583784855,0.006030939478370467,0.030047762188280647,0.060918322453160645,0.030870560264879998
42,39,2022,287388,0.7922185675,0.8502842514212571,0.8236112850919315,-0.026672966329325587,0.7932277276630368,0.7854783263402387,0.007749401322798111,0.8551567472215084,0.7063028865164096,0.14885386070509876,0.25749404360952666,0.33273469377594894,0.07524065016642228,0.17273584635947808,0.2411395576841411,0.06840371132466302,0.030047762188280647,0.03218724475769519,0.0021394825694145414
42,39,2023,229405,0.8497921399999999,0.8502842514212571,0.7775811338026634,-0.07270311761859372,0.7932277276630368,0.8109292182312726,-0.017701490568235778,0.8551567472215084,0.696996852905065,0.1581598943164434,0.25749404360952666,0.303635172510149,0.04614112890062233,0.17273584635947808,0.23352411605030715,0.060788269690829067,0.030047762188280647,0.041046157968047,0.010998395779766357
42,39,2024,320978,0.8351663050000001,0.8502842514212571,0.8277732430260017,-0.022511008395255327,0.7932277276630368,0.8384889140018772,-0.045261186338840353,0.8551567472215084,0.7937182204553191,0.061438526766189216,0.25749404360952666,0.2841037560692688,0.02660971245974214,0.17273584635947808,0.1956755801644724,0.02293973380499431,0.030047762188280647,0.016942025278178896,-0.01310573691010175
42,40,2022,29374,0.84658601125,0.8502842514212571,0.8364540069449172,-0.013830244476339848,0.7932277276630368,0.8496345044846296,-0.056406776821592786,0.8551567472215084,0.8169493104733507,0.03820743674815763,0.25749404360952666,0.27353876301101004,0.016044719401483387,0.17273584635947808,0.1858643546650289,0.013128508305550818,0.030047762188280647,0.011364805349027396,-0.01868295683925325
42,40,2023,29819,0.8689974762500001,0.8502842514212571,0.8414098393641638,-0.008874412057093273,0.7932277276630368,0.8467203287029035,-0.05349260103986664,0.8551567472215084,0.8162874032821309,0.038869343939377465,0.25749404360952666,0.27615962965273266,0.018665586043206006,0.17273584635947808,0.18572906745798584,0.012993221098507757,0.030047762188280647,0.026168448541393552,-0.003879313646887095
42,40,2024,32728,0.8816143437500001,0.8502842514212571,0.8572170618430701,0.00693281042181304,0.7932277276630368,0.8733583717868241,-0.08013064412378723,0.8551567472215084,0.8484327866232495,0.00672396059825886,0.25749404360952666,0.26800615921000015,0.010512115600473493,0.17273584635947808,0.1670399835806511,-0.005695862778826971,0.030047762188280647,0.030207313887943066,0.0001595516996624191
42,41,2022,33262,0.900448505,0.8502842514212571,0.8433046719980759,-0.00697957942318117,0.7932277276630368,0.8041733733889842,-0.010945645725947362,0.8551567472215084,0.6930495359549796,0.16210721126652872,0.25749404360952666,0.3511455547173263,0.09365151110779962,0.17273584635947808,0.24688201878777943,0.07414617242830135,0.030047762188280647,0.02266570589104644,-0.007382056297234207
42,41,2023,32846,0.9193301100000001,0.8502842514212571,0.8051817572916032,-0.045102494129653836,0.7932277276630368,0.7934417783368133,-0.0002140506737764447,0.8551567472215084,0.657220468394391,0.1979362788271174,0.25749404360952666,0.3410870304481228,0.08359298683859612,0.17273584635947808,0.2571117559982157,0.08437590963873759,0.030047762188280647,0.0374797067226158,0.007431944534335155
42,41,2024,32833,0.9116235612500001,0.8502842514212571,0.8230134316084428,-0.027270819812814318,0.7932277276630368,0.81490597838016,-0.02167825071712315,0.8551567472215084,0.6998740730376382,0.1552826741838702,0.25749404360952666,0.33499445621971985,0.07750041261019319,0.17273584635947808,0.24023901964894237,0.06750317328946429,0.030047762188280647,0.004789696948026556,-0.02525806524025409
42,42,2022,376432,0.83857882375,0.8502842514212571,0.7653281336336974,-0.08495611778755963,0.7932277276630368,0.7575423005740449,0.03568542708899192,0.8551567472215084,0.5785568095849055,0.27659993763660284,0.25749404360952666,0.34072064390129475,0.0832266002917681,0.17273584635947808,0.2767472252725846,0.10401137891310652,0.030047762188280647,0.020307264095609012,-0.009740498092671634
42,42,2023,293152,0.8871364787500001,0.8502842514212571,0.7106825128261107,-0.13960173859514635,0.7932277276630368,0.7577186959294706,0.03550903173356623,0.8551567472215084,0.5495217257894526,0.3056350214320558,0.25749404360952666,0.31546556612415755,0.05797152251463089,0.17273584635947808,0.2781414465664121,0.10540560020693401,0.030047762188280647,0.013268698115521116,-0.01677906407275953
42,42,2024,283131,0.878806775,0.8502842514212571,0.7362210425562725,-0.11406320886498456,0.7932277276630368,0.779108961736787,0.014118765926249832,0.8551567472215084,0.6025555111666688,0.25260123605483953,0.25749404360952666,0.31429614309971887,0.056802099490192215,0.17273584635947808,0.26345107843461396,0.09071523207513588,0.030047762188280647,0.018428449108644163,-0.011619313079636484
42,44,2022,13342,0.8920135774246739,0.8502842514212571,0.8516714135811723,0.0013871621599151895,0.7932277276630368,0.7635274669873682,0.029700260675668666,0.8551567472215084,0.7806490996032149,0.07450764761829343,0.25749404360952666,0.286229977217269,0.028735933607742348,0.17273584635947808,0.2050643114689866,0.032328465109508514,0.030047762188280647,0.014288211238342674,-0.015759550949937973
42,44,2023,9348,0.9288683515190415,0.8502842514212571,0.8168592212237912,-0.0334250301974659,0.7932277276630368,0.7801971294360701,0.013030598226966728,0.8551567472215084,0.7355475481748395,0.11960919904666889,0.25749404360952666,0.28893899481562835,0.03144495120610169,0.17273584635947808,0.21981524668087932,0.04707940032140123,0.030047762188280647,0.01558623686955718,-0.014461525318723467
42,44,2024,9217,0.9322856650754041,0.8502842514212571,0.8183790821308452,-0.03190516929041187,0.7932277276630368,0.7875432149978514,0.005684512665185437,0.8551567472215084,0.7386902878835812,0.11646645933792721,0.25749404360952666,0.29170182666004724,0.03420778305052058,0.17273584635947808,0.21770223506682274,0.04496638870734465,0.030047762188280647,0.04993176667853483,0.01988400449025418
42,45,2022,38395,0.818992785,0.8502842514212571,0.8449537700221383,-0.005330481399118736,0.7932277276630368,0.8159874931357423,-0.022759765472705418,0.8551567472215084,0.773001879939404,0.08215486728210442,0.25749404360952666,0.3034300132632753,0.04593596965374863,0.17273584635947808,0.20673212071896144,0.03399627435948335,0.030047762188280647,0.010922223583756052,-0.019125538604524595
42,45,2023,17688,0.8734021879240164,0.8502842514212571,0.8468453188602443,-0.0034389325610127974,0.7932277276630368,0.8077328685901617,-0.014505140927124849,0.8551567472215084,0.8155251831156083,0.039631564105900075,0.25749404360952666,0.26571207497104465,0.008218031361517997,0.17273584635947808,0.1874257889212276,0.01468994256174952,0.030047762188280647,0.030359603686750614,0.0003118414984699669
42,45,2024,14956,0.8875628443434073,0.8502842514212571,0.832642417758759,-0.017641833662498052,0.7932277276630368,0.8226347125920586,-0.029406984929021718,0.8551567472215084,0.7995016381339117,0.05565510908759663,0.25749404360952666,0.2652917765576577,0.00779773294813102,0.17273584635947808,0.18714890839102857,0.014413062031550489,0.030047762188280647,0.02794691376788594,-0.0021008484203947075
42,46,2022,18639,0.7811551799989269,0.8502842514212571,0.9398036375342025,0.08951938611294541,0.7932277276630368,0.8764558940807898,-0.08322816641775299,0.8551567472215084,0.8987133777708882,-0.04355663054937986,0.25749404360952666,0.29443381061257806,0.036939767003051405,0.17273584635947808,0.14425469413351338,-0.0284811522259647,0.030047762188280647,0.03881573858394738,0.008767976395666732
42,46,2023,17537,0.8482952015738153,0.8502842514212571,0.9377316530763529,0.08744740165509579,0.7932277276630368,0.8964551056524295,-0.10322737798939263,0.8551567472215084,0.9151029450091217,-0.05994619778761334,0.25749404360952666,0.27976011379441157,0.022266070184884912,0.17273584635947808,0.13054317171113028,-0.042192674648347805,0.030047762188280647,0.002243165921480106,-0.02780459626680054
42,46,2024,17415,0.8569243468274477,0.8502842514212571,0.9285673270169394,0.07828307559568237,0.7932277276630368,0.8907323081034457,-0.09750458044040888,0.8551567472215084,0.9206776544750148,-0.06552090725350646,0.25749404360952666,0.26672255888065605,0.00922851527112939,0.17273584635947808,0.1263108191762577,-0.04642502718322039,0.030047762188280647,0.054132888740482166,0.02408512655220152
42,47,2022,106425,0.77925001625,0.8502842514212571,0.8215268968757341,-0.028757354545522973,0.7932277276630368,0.8496271631433898,-0.05639943548035298,0.8551567472215084,0.7990549680356835,0.05610177918582482,0.25749404360952666,0.28348294915964667,0.02598890555012001,0.17273584635947808,0.1926519947167981,0.01991614835732,0.030047762188280647,0.04744396881173829,0.017396206623457644
42,47,2023,86513,0.828094995,0.8502842514212571,0.7831424179025117,-0.06714183351874536,0.7932277276630368,0.8755397530107405,-0.08231202534770365,0.8551567472215084,0.8052325087859289,0.04992423843557947,0.25749404360952666,0.25851848802334965,0.0010244444138229891,0.17273584635947808,0.1813849547268843,0.008649108367406205,0.030047762188280647,0.021154944031164025,-0.008892818157116622
42,47,2024,82435,0.817766285,0.8502842514212571,0.7832352762782798,-0.06704897514297725,0.7932277276630368,0.8521445952806208,-0.05891686761758397,0.8551567472215084,0.8191945010535042,0.03596224616800414,0.25749404360952666,0.23816405262356258,-0.01932999098596408,0.17273584635947808,0.1759975377320163,0.0032616913725382057,0.030047762188280647,0.04352853236704013,0.013480770178759482
42,48,2022,1019874,0.7571457237500001,0.8502842514212571,0.7524958965519271,-0.09778835486933002,0.7932277276630368,0.8736828016999116,-0.0804550740368748,0.8551567472215084,0.8686984598112383,-0.013541712589729915,0.25749404360952666,0.1904601454537226,-0.06703389815580404,0.17273584635947808,0.1501573371979521,-0.022578509161525984,0.030047762188280647,0.0024765484788226155,-0.02757121370945803
42,48,2023,936002,0.8510364337499998,0.8502842514212571,0.7151448394341038,-0.1351394119871533,0.7932277276630368,0.8930936077296179,-0.09986588006658104,0.8551567472215084,0.8667051439059408,-0.011548396684432416,0.25749404360952666,0.17579221974261824,-0.08170182386690841,0.17273584635947808,0.14415483846780067,-0.028581007891677418,0.030047762188280647,0.003352295301633057,-0.02669546688664759
42,48,2024,938754,0.8554550125,0.8502842514212571,0.739025346363371,-0.11125890505788605,0.7932277276630368,0.8823400794025471,-0.08911235173951026,0.8551567472215084,0.8676499719750309,-0.012493224753522547,0.25749404360952666,0.19068729433548487,-0.06680674927404179,0.17273584635947808,0.14830518881453927,-0.02443065754493881,0.030047762188280647,0.005551352742371063,-0.024496409445909584
42,49,2022,113773,0.8882846037499998,0.8502842514212571,0.8023081047348668,-0.047976146686390275,0.7932277276630368,0.764968668344086,0.028259059318950897,0.8551567472215084,0.6389137011957932,0.2162430460257152,0.25749404360952666,0.34354439432029255,0.08605035071076589,0.17273584635947808,0.2640166491804071,0.09128080282092904,0.030047762188280647,0.03616792731648255,0.006120165128201904
42,49,2023,72536,0.9055896124999999,0.8502842514212571,0.8265413036285431,-0.02374294779271402,0.7932277276630368,0.8124400997210248,-0.01921237205798798,0.8551567472215084,0.71355397127386,0.14160277594764836,0.25749404360952666,0.3339077440402251,0.07641370043069845,0.17273584635947808,0.23869727322246168,0.06596142686298359,0.030047762188280647,0.04074326802746242,0.010695505839181774
42,49,2024,63924,0.90540556625,0.8502842514212571,0.7892184469057005,-0.06106580451555654,0.7932277276630368,0.7910369035809963,0.002190824082040521,0.8551567472215084,0.6755210513630424,0.17963569585846595,0.25749404360952666,0.3224563409801036,0.06496229737057696,0.17273584635947808,0.2479980686697584,0.07526222231028032,0.030047762188280647,0.018395483175379868,-0.01165227901290078
42,50,2022,6648,0.9099977587244283,0.8502842514212571,0.9089951865222623,0.058710935101005224,0.7932277276630368,0.8102403846811352,-0.017012657018098398,0.8551567472215084,0.8539863745166636,0.0011703727048447687,0.25749404360952666,0.29537775227512386,0.037883708665597204,0.17273584635947808,0.17421013060235435,0.001474284242876267,0.030047762188280647,0.1155671676008474,0.08551940541256675
42,50,2024,5714,0.9251736918095904,0.8502842514212571,0.9109205460273013,0.06063629460604425,0.7932277276630368,0.8124085387142861,-0.019180811051249247,0.8551567472215084,0.7780199609957554,0.07713678622575293,0.25749404360952666,0.3358123490336557,0.07831830542412904,0.17273584635947808,0.20903038230997414,0.03629453595049606,0.030047762188280647,0.12666474507687564,0.096616982888595
42,51,2022,130626,0.79117112625,0.8502842514212571,0.8885826711374458,0.03829841971618875,0.7932277276630368,0.8251415868802554,-0.031913859217218565,0.8551567472215084,0.8964854114413486,-0.04132866421984027,0.25749404360952666,0.23292058100966145,-0.024573462599865203,0.17273584635947808,0.13887081473987084,-0.033865031619607244,0.030047762188280647,0.025470253694333422,-0.004577508493947224
42,51,2023,98664,0.8605736924999999,0.8502842514212571,0.8783446849914862,0.028060433570229137,0.7932277276630368,0.8123268490908955,-0.019099121427858634,0.8551567472215084,0.885253309883238,-0.030096562661729664,0.25749404360952666,0.23024889945576574,-0.02724514415376092,0.17273584635947808,0.14494200232520413,-0.027793844034273957,0.030047762188280647,0.05159385141629258,0.021546089228011933
42,51,2024,79616,0.8708148125,0.8502842514212571,0.8689836213826366,0.018699369961379553,0.7932277276630368,0.818260404477686,-0.025032676814649157,0.8551567472215084,0.8723832840076235,-0.017226536786115187,0.25749404360952666,0.24086033704036608,-0.016633706569160578,0.17273584635947808,0.1539622683949861,-0.018773577964491972,0.030047762188280647,0.040784274880842464,0.010736512692561817
42,53,2022,114794,0.8649682799999999,0.8502842514212571,0.832308308796627,-0.017975942624630092,0.7932277276630368,0.795114724867362,-0.0018869972043251693,0.8551567472215084,0.7387181537758483,0.1164385934456601,0.25749404360952666,0.3097790868656718,0.052285043256145136,0.17273584635947808,0.22225109907845816,0.04951525271898008,0.030047762188280647,0.03780913962749599,0.0077613774392153445
42,53,2023,51623,0.93615265,0.8502842514212571,0.7378300369990121,-0.11245421442224501,0.7932277276630368,0.7736967494132057,0.019530978249831188,0.8551567472215084,0.5978816462032988,0.2572751010182096,0.25749404360952666,0.307049035885121,0.049554992275594345,0.17273584635947808,0.26141171510956207,0.08867586875008399,0.030047762188280647,0.047000019752313604,0.016952257564032958
42,53,2024,58324,0.9119579225,0.8502842514212571,0.7716720389548042,-0.07861221246645289,0.7932277276630368,0.8110909270771174,-0.017863199414080544,0.8551567472215084,0.7051093080600058,0.15004743916150254,0.25749404360952666,0.28558132925850327,0.028087285648976612,0.17273584635947808,0.22581373946945105,0.05307789310997296,0.030047762188280647,0.05357333314925539,0.02352557096097474
42,54,2022,8082,0.9356216375897054,0.8502842514212571,0.7958426132145509,-0.05444163820670622,0.7932277276630368,0.8092421886778227,-0.016014461014785875,0.8551567472215084,0.7129075824811885,0.1422491647403199,0.25749404360952666,0.3275987712057339,0.07010472759620723,0.17273584635947808,0.2417604659163404,0.06902461955686232,0.030047762188280647,0.10043426997309801,0.07038650778481736
42,54,2023,6621,0.944699954689624,0.8502842514212571,0.7424860293007098,-0.10779822212054724,0.7932277276630368,0.7936649494498784,-0.00043722178684157953,0.8551567472215084,0.6596600493058259,0.19549669791568247,0.25749404360952666,0.30205778499466407,0.04456374138513741,0.17273584635947808,0.24782678980422396,0.07509094344474587,0.030047762188280647,0.10034774081122877,0.07029997862294812
42,54,2024,5773,0.94320379785207,0.8502842514212571,0.7495236445522259,-0.10076060686903121,0.7932277276630368,0.798104219348994,-0.004876491685957163,0.8551567472215084,0.6440933032355154,0.21106344398599297,0.25749404360952666,0.3155480199782929,0.05805397636876625,0.17273584635947808,0.2542091642842956,0.08147331792481749,0.030047762188280647,0.028803090251694474,-0.0012446719365861725
42,55,2022,106561,0.831573795,0.8502842514212571,0.8856241964696278,0.03533994504837068,0.7932277276630368,0.7700982026953347,0.023129524967702153,0.8551567472215084,0.68426895128612,0.1708877959353884,0.25749404360952666,0.38319401585305574,0.12569997224352908,0.17273584635947808,0.2592845133893398,0.08654866702986169,0.030047762188280647,0.004650375974814436,-0.02539738621346621
42,55,2023,82927,0.879961105,0.8502842514212571,0.8524605978752396,0.0021763464539825694,0.7932277276630368,0.772382794540357,0.020844933122679876,0.8551567472215084,0.6276702617662111,0.22748648545529726,0.25749404360952666,0.38446334047621594,0.12696929686668929,0.17273584635947808,0.27551328642748873,0.10277744006801065,0.030047762188280647,0.01767437448809761,-0.012373387700183036
42,55,2024,85624,0.8663333725000001,0.8502842514212571,0.8514318415397553,0.0011475901184981874,0.7932277276630368,0.7815352607273445,0.01169246693569237,0.8551567472215084,0.6674631123790844,0.18769363484242396,0.25749404360952666,0.3641848692859247,0.10669082567639804,0.17273584635947808,0.2585122360073522,0.0857763896478741,0.030047762188280647,0.04900858352970672,0.01896082134142607
42,72,2022,17717,0.9325450654738388,0.8502842514212571,0.7870406953773212,-0.06324355604393583,0.7932277276630368,0.6922294836078253,0.10099824405521152,0.8551567472215084,0.7967014087733364,0.05845533844817197,0.25749404360952666,0.2201844238491299,-0.03730961976039676,0.17273584635947808,0.20505928817486374,0.032323441815385656,0.030047762188280647,0.0292040746959219,-0.0008436874923587467
42,72,2023,15050,0.9506873787375415,0.8502842514212571,0.806578073089701,-0.0437061783315561,0.7932277276630368,0.6739506334913838,0.119277094171653,0.8551567472215084,0.8119635890767231,0.043193158144785304,0.25749404360952666,0.22606533574325238,-0.031428707866274275,0.17273584635947808,0.20561614268668363,0.032880296327205544,0.030047762188280647,0.001626149166514601,-0.028421613021766046
42,72,2024,14116,0.9519132190422216,0.8502842514212571,0.8005809011051289,-0.04970335031612816,0.7932277276630368,0.6903902466701966,0.10283748099284029,0.8551567472215084,0.8229550478997789,0.03220169932172945,0.25749404360952666,0.2118189951157749,-0.04567504849375176,0.17273584635947808,0.19378035331322005,0.021044506953741965,0.030047762188280647,0.047922764228713,0.017875002040432353
7,1,2022,49006,0.8008573162499999,0.849855,0.8614251316165368,0.01157013161653675,0.78760317107837,0.8246942479642039,-0.03709107688583391,0.8533862265947318,0.8422300992238665,0.011156127370865354,0.25685659880485595,0.28409081289586785,0.0272342140910119,0.17398798423014591,0.1816300371894255,0.007642052959279583,0.02812187830514512,0.008444616824257567,-0.019677261480887553
7,1,2023,29756,0.8794693174999999,0.849855,0.8201707218712192,-0.029684278128780828,0.78760317107837,0.8303783667431381,-0.04277519566476817,0.8533862265947318,0.7944478658392155,0.058938360755516395,0.25685659880485595,0.28887937858931445,0.0320227797844585,0.17398798423014591,0.2035379437758811,0.029549959545735194,0.02812187830514512,0.0024983876920612325,-0.025623490613083888
7,1,2024,21194,0.92095774125,0.849855,0.842927243559498,-0.006927756440502031,0.78760317107837,0.8321438861283736,-0.044540715050003676,0.8533862265947318,0.8189220873863312,0.034464139208400635,0.25685659880485595,0.2825268406220421,0.025670241817186135,0.17398798423014591,0.19166138511223532,0.017673400882089407,0.02812187830514512,0.0009015748128511358,-0.027220303492293985
7,2,2022,3962,0.8202472867238768,0.849855,0.9275618374558304,0.0777068374558304,0.78760317107837,0.804491218090023,-0.01688804701165303,0.8533862265947318,0.9583389876509703,-0.10495276105623841,0.25685659880485595,0.20366211726225097,-0.05319448154260498,0.17398798423014591,0.09667082152151478,-0.07731716270863113,0.02812187830514512,0.15154930732586713,0.12342742902072201
7,2,2023,4282,0.885669850537132,0.849855,0.8021952358710883,-0.04765976412891171,0.78760317107837,0.8690779512931162,-0.08147478021474619,0.8533862265947318,0.8161642928121895,0.03722193378254235,0.25685659880485595,0.24160043602706388,-0.01525616277779207,0.17398798423014591,0.1694759309718527,-0.004512053258293208,0.02812187830514512,0.019478621677828656,-0.008643256627316465
7,4,2022,67321,0.8350789387499999,0.849855,0.8455756747523061,-0.004279325247693921,0.78760317107837,0.8428639634209509,-0.05526079234258097,0.8533862265947318,0.8248848844858173,0.02850134210891453,0.25685659880485595,0.283548596633882,0.026691997829026037,0.17398798423014591,0.18595848146349403,0.011970497233348115,0.02812187830514512,0.025996038319205717,-0.002125839985939404
7,4,2023,45514,0.8889426287500001,0.849855,0.7695873797073428,-0.08026762029265722,0.78760317107837,0.855581387801565,-0.06797821672319504,0.8533862265947318,0.7923817704289796,0.06100445616575223,0.25685659880485595,0.24462960567897368,-0.012226993125882268,0.17398798423014591,0.18593623271340587,0.011948248483259954,0.02812187830514512,0.005068385957502031,-0.02305349234764309
7,4,2024,47307,0.8852114825,0.849855,0.835626862832139,-0.014228137167860977,0.78760317107837,0.848112012979239,-0.060508841900869026,0.8533862265947318,0.7865758203748155,0.0668104062199163,0.25685659880485595,0.2948994299924219,0.03804283118756596,0.17398798423014591,0.19862388509180862,0.024635900861662702,0.02812187830514512,0.010390937201278927,-0.017730941103866193
7,5,2022,38819,0.78476853875,0.849855,0.8909812205363353,0.0411262205363353,0.78760317107837,0.7917767661374793,-0.004173595059109303,0.8533862265947318,0.7711675617800957,0.08221866481463613,0.25685659880485595,0.34489746260729065,0.0880408638024347,0.17398798423014591,0.22425525783912487,0.05026727360897895,0.02812187830514512,0.017202443519042543,-0.010919434786102578
7,5,2023,28567,0.84485019875,0.849855,0.8780410963699373,0.028186096369937297,0.78760317107837,0.7992242391311364,-0.011621068052766415,0.8533862265947318,0.7594352103528733,0.09395101624185853,0.25685659880485595,0.34447611411639945,0.0876195153115435,0.17398798423014591,0.23144612963432493,0.05745814540417901,0.02812187830514512,0.006069975088197621,-0.0220519032169475
7,5,2024,26750,0.8469187324999998,0.849855,0.8689345794392523,0.019079579439252314,0.78760317107837,0.7996074507275819,-0.012004279649211913,0.8533862265947318,0.7403425559947299,0.11304367060000198,0.25685659880485595,0.3485880846470095,0.09173148584215357,0.17398798423014591,0.23960112667351005,0.06561314244336414,0.02812187830514512,0.01222097942397915,-0.01590089888116597
7,6,2022,1438530,0.7624540975,0.849855,0.7341341508345325,-0.11572084916546754,0.78760317107837,0.8091243590927548,-0.02152118801438485,0.8533862265947318,0.8044644740109103,0.04892175258382159,0.25685659880485595,0.19484127683915542,-0.06201532196570053,0.17398798423014591,0.1844576268363922,0.010469642606246277,0.02812187830514512,0.012529366383122076,-0.015592511922023045
7,6,2023,337144,0.89920889625,0.849855,0.7025632963956054,-0.14729170360439459,0.78760317107837,0.7981964829345598,-0.010593311856189835,0.8533862265947318,0.7077625804078255,0.14562364618690637,0.25685659880485595,0.23570192562289347,-0.021154673181962486,0.17398798423014591,0.2194081306541001,0.04542014642395417,0.02812187830514512,0.0008586560844425772,-0.027263222220702543
7,6,2024,572762,0.8902703475,0.849855,0.6655766269410331,-0.18427837305896688,0.78760317107837,0.7907211535814385,-0.003117982503068495,0.8533862265947318,0.6734297185087584,0.1799565080859734,0.25685659880485595,0.22801963224056476,-0.02883696656429119,0.17398798423014591,0.22668298308796409,0.05269499885781817,0.02812187830514512,0.0006968249113967762,-0.027425053393748344
7,8,2022,119670,0.8192568600000001,0.849855,0.814941087991978,-0.034913912008022074,0.78760317107837,0.771421123030807,0.016182048047562958,0.8533862265947318,0.7534648700673725,0.09992135652735934,0.25685659880485595,0.2828705056302854,0.026013906825429423,0.17398798423014591,0.2178374342198637,0.04384944998971779,0.02812187830514512,0.04601742685524757,0.017895548550102447
7,8,2023,45170,0.918674805,0.849855,0.8121540845694045,-0.037700915430595505,0.78760317107837,0.8032932138419997,-0.01569004276362973,0.8533862265947318,0.651871456928772,0.20151476966595983,0.25685659880485595,0.3496422012886202,0.09278560248376427,0.17398798423014591,0.26049756793539747,0.08650958370525155,0.02812187830514512,0.030460178450606223,0.002338300145461103
7,8,2024,53974,0.90519177625,0.849855,0.6433097417274984,-0.2065452582725016,0.78760317107837,0.7531473955017356,0.03445577557663437,0.8533862265947318,0.6012989888552661,0.25208723773946573,0.25685659880485595,0.22549377694696468,-0.03136282185789127,0.17398798423014591,0.24168843987409802,0.0677004556439521,0.02812187830514512,0.0497362783970684,0.02161440009192328
7,9,2022,32270,0.84062472375,0.849855,0.8765106910443136,0.026655691044313534,0.78760317107837,0.7882754824138338,-0.0006723113354638599,0.8533862265947318,0.8202011316152508,0.03318509497948108,0.25685659880485595,0.28881495587862194,0.031958357073765986,0.17398798423014591,0.18673237499042897,0.012744390760283053,0.02812187830514512,0.013394880984576085,-0.014726997320569035
7,9,2023,24032,0.9024142087500001,0.849855,0.8815329560585885,0.031677956058588475,0.78760317107837,0.7513592974199303,0.03624387365843962,0.8533862265947318,0.8161292036338522,0.03725702296087963,0.25685659880485595,0.2848687569704203,0.02801215816556435,0.17398798423014591,0.1889415187402227,0.014953534510076777,0.02812187830514512,0.02248845326953841,-0.0056334250356067095
7,9,2024,20763,0.91258538375,0.849855,0.879978808457352,0.030123808457351964,0.78760317107837,0.7806294245905221,0.006973746487847876,0.8533862265947318,0.8065263685331329,0.04685985806159898,0.25685659880485595,0.2956450330382157,0.03878843423335976,0.17398798423014591,0.19136899318473607,0.01738100895459016,0.02812187830514512,0.009307925014449214,-0.018813953290695906
7,10,2022,6914,0.8636223604281169,0.849855,0.7655481631472375,-0.08430683685276252,0.78760317107837,0.8361500931298806,-0.04854692205151068,0.8533862265947318,0.7502236135957067,0.10316261299902518,0.25685659880485595,0.2669233839970162,0.010066785192160255,0.17398798423014591,0.20367968055778302,0.0296916963276371,0.02812187830514512,0.014637087703305407,-0.013484790601839713
7,10,2023,2236,0.9351984794275493,0.849855,0.766994633273703,-0.08286036672629704,0.78760317107837,0.8840758129410253,-0.09647264186265536,0.8533862265947318,0.9115723628092124,-0.058186136214480544,0.25685659880485595,0.1554434109606187,-0.10141318784423725,0.17398798423014591,0.12745432574632296,-0.04653365848382296,0.02812187830514512,0.011443030071643268,-0.016678848233501853
7,10,2024,2497,0.9314878053664398,0.849855,0.789347216659992,-0.06050778334000806,0.78760317107837,0.8988633667262762,-0.11126019564790623,0.8533862265947318,0.9206905178884163,-0.06730429129368443,0.25685659880485595,0.16115562168671663,-0.09570097711813932,0.17398798423014591,0.12060603089885817,-0.05338195333128774,0.02812187830514512,0.026354547146884122,-0.0017673311582609985
7,11,2023,509,0.9080381139489194,0.849855,0.9351669941060904,0.08531199410609036,0.78760317107837,0.7151769798828624,0.07242619119550753,0.8533862265947318,0.9384288747346072,-0.08504264813987539,0.25685659880485595,0.2109628108438088,-0.04589378796104715,0.17398798423014591,0.10785626435697024,-0.06613171987317568,0.02812187830514512,0.23486191976556547,0.20674004146042035
7,12,2022,1580223,0.6861760125,0.849855,0.7731092383796464,-0.07674576162035363,0.78760317107837,0.7549070877881916,0.03269608329017837,0.8533862265947318,0.8112562943688464,0.04212993222588546,0.25685659880485595,0.2036776951995869,-0.05317890360526906,0.17398798423014591,0.19010864329376126,0.016120659063615345,0.02812187830514512,0.014150011061623835,-0.013971867243521285
7,12,2023,1508709,0.8025464900000001,0.849855,0.7337399061051535,-0.11611509389484653,0.78760317107837,0.7912143831671596,-0.0036112120887896726,0.8533862265947318,0.7794552254058742,0.07393100118885765,0.25685659880485595,0.20529936563092738,-0.051557233173928574,0.17398798423014591,0.1962692487652996,0.022281264535153694,0.02812187830514512,0.0009272000787661216,-0.027194678226379
7,12,2024,1576739,0.8028642237500001,0.849855,0.7362765809686955,-0.1135784190313045,0.78760317107837,0.7775092946539945,0.010093876424375425,0.8533862265947318,0.775179322692971,0.07820690390176088,0.25685659880485595,0.20302694443799107,-0.053829654366864876,0.17398798423014591,0.19856153734366055,0.02457355311351464,0.02812187830514512,0.003793912531831256,-0.024327965773313864
7,13,2022,136946,0.7343157025000001,0.849855,0.8487067895374819,-0.0011482104625181178,0.78760317107837,0.7923097946802256,-0.004706623601855586,0.8533862265947318,0.8510729234900326,0.002313303104699238,0.25685659880485595,0.24958853121586594,-0.007268067588990013,0.17398798423014591,0.1716959520003266,-0.002292032229819302,0.02812187830514512,0.011670371025427118,-0.016451507279718003
7,13,2023,115077,0.8257182300000001,0.849855,0.790131824778192,-0.059723175221808034,0.78760317107837,0.830239871810492,-0.042636700732122,0.8533862265947318,0.8417267888823181,0.011659437712413734,0.25685659880485595,0.21316471092831155,-0.043691887876544405,0.17398798423014591,0.16834776243669886,-0.005640221793447059,0.02812187830514512,0.015131423632512409,-0.012990454672632712
7,13,2024,82042,0.8542592725,0.849855,0.8420199410058263,-0.007835058994173694,0.78760317107837,0.8531226202523201,-0.06551944917395014,0.8533862265947318,0.849554694676305,0.0038315319184268892,0.25685659880485595,0.25867413078228146,0.0018175319774255128,0.17398798423014591,0.16645945782618063,-0.0075285264039652855,0.02812187830514512,0.005425157552969351,-0.02269672075217577
7,15,2022,5464,0.9717326546486089,0.849855,0.7417642752562226,-0.10809072474377746,0.78760317107837,0.8551329889593642,-0.06752981788099421,0.8533862265947318,0.754892013335266,0.09849421325946583,0.25685659880485595,0.2543456688743126,-0.0025109299305433597,0.17398798423014591,0.1945297466624733,0.020541762432327387,0.02812187830514512,0.0147605948511631,-0.01336128345398202
7,15,2023,2864,0.979911435055866,0.849855,0.6941340782122905,-0.15572092178770958,0.78760317107837,0.8362486563214906,-0.04864548524312062,0.8533862265947318,0.7311891413396282,0.12219708525510364,0.25685659880485595,0.23230710725832757,-0.024549491546528385,0.17398798423014591,0.2037182223354759,0.029730238105329987,0.02812187830514512,0.019299251131501327,-0.008822627173643793
7,15,2024,1958,0.9742848442288049,0.849855,0.6230847803881512,-0.22677021961184884,0.78760317107837,0.8609956017592962,-0.07339243068092627,0.8533862265947318,0.7270142180094786,0.12637200858525321,0.25685659880485595,0.19154390515510442,-0.06531269364975154,0.17398798423014591,0.18104174980861812,0.007053765578472204,0.02812187830514512,0.012442323758113383,-0.015679554547031738
7,16,2022,28699,0.8459755550000001,0.849855,0.8733753789330638,0.0235203789330638,0.78760317107837,0.8036711868898703,-0.016068015811500302,0.8533862265947318,0.7866776122903718,0.06670861430436004,0.25685659880485595,0.3156236611515394,0.05876706234668344,0.17398798423014591,0.20357470487561127,0.02958672064546536,0.02812187830514512,0.009021081843772816,-0.019100796461372305
7,16,2023,16789,0.8945939231044135,0.849855,0.8172017392340223,-0.03265326076597774,0.78760317107837,0.8065846559263279,-0.01898148484795792,0.8533862265947318,0.7526834611171961,0.10070276547753576,0.25685659880485595,0.3036930462945866,0.04683644748973065,0.17398798423014591,0.22117794834780055,0.04718996411765464,0.02812187830514512,0.06258339143683811,0.03446151313169299
7,16,2024,17562,0.8880071660403143,0.849855,0.8271836920624075,-0.022671307937592533,0.78760317107837,0.8172862234940812,-0.02968305241571123,0.8533862265947318,0.757241264835256,0.09614496175947584,0.25685659880485595,0.3026146833383671,0.045758084533511156,0.17398798423014591,0.212379482847553,0.038391498617407094,0.02812187830514512,0.03430535614482544,0.006183477839680318
7,17,2022,188245,0.7515559250000001,0.849855,0.8726818773406996,0.022826877340699547,0.78760317107837,0.8109790207965779,-0.02337584971820794,0.8533862265947318,0.8738934161927654,-0.02050718959803355,0.25685659880485595,0.2453704508826993,-0.011486147922156659,0.17398798423014591,0.15683744875237662,-0.01715053547776929,0.02812187830514512,0.014433126212382241,-0.01368875209276288
7,17,2023,145228,0.83603441125,0.849855,0.851585093783568,0.0017300937835679209,0.78760317107837,0.8167786216351942,-0.029175450556824245,0.8533862265947318,0.8640106253228179,-0.01062439872808607,0.25685659880485595,0.2342062657878842,-0.022650333016971752,0.17398798423014591,0.15951750301062734,-0.014470481219518577,0.02812187830514512,0.015816779465046116,-0.012305098840099005
7,17,2024,133363,0.83259570375,0.849855,0.8442146622376521,-0.005640337762347958,0.78760317107837,0.8379634418018149,-0.050360270723444955,0.8533862265947318,0.8590389744430672,-0.00565274784833536,0.25685659880485595,0.23973025302260006,-0.017126345782255886,0.17398798423014591,0.15997128337582586,-0.014016700854320052,0.02812187830514512,0.025136983033139382,-0.0029848952720057387
7,18,2022,120998,0.7949264574999999,0.849855,0.8573943370964809,0.007539337096480914,0.78760317107837,0.7744951669109272,0.013108004167442733,0.8533862265947318,0.7635686880833763,0.08981753851135554,0.25685659880485595,0.31917657069073696,0.06231997188588101,0.17398798423014591,0.22089996545965507,0.04691198122950915,0.02812187830514512,0.04199123566802787,0.01386935736288275
7,18,2023,103212,0.8370287625,0.849855,0.8399410921210712,-0.009913907878928874,0.78760317107837,0.7925179382515757,-0.004914767173205714,0.8533862265947318,0.7690174164865196,0.08436881010821229,0.25685659880485595,0.3010502914855511,0.044193692680695174,0.17398798423014591,0.212970686176575,0.03898270194642908,0.02812187830514512,0.031683957872311375,0.003562079567166254
7,18,2024,93840,0.83444622375,0.849855,0.8364343563512362,-0.01342064364876383,0.78760317107837,0.7966297024049118,-0.009026531326541853,0.8533862265947318,0.7584611066012185,0.09492511999351338,0.25685659880485595,0.306831453453759,0.049974854648903055,0.17398798423014591,0.21729193759020266,0.04330395336005674,0.02812187830514512,0.016755096671436487,-0.011366781633708634
7,19,2022,58572,0.8726244662500001,0.849855,0.9051936078672403,0.05533860786724032,0.78760317107837,0.8019608048729747,-0.014357633794604752,0.8533862265947318,0.725002356045613,0.12838387054911882,0.25685659880485595,0.387743328243821,0.13088672943896507,0.17398798423014591,0.24622482527739975,0.07223684104725384,0.02812187830514512,0.05893529320294677,0.03081341489780165
7,19,2023,44069,0.8933735424999999,0.849855,0.8890149538224148,0.03915995382241477,0.78760317107837,0.7908815829996678,-0.0032784119212978524,0.8533862265947318,0.7470983980982272,0.10628782849650464,0.25685659880485595,0.3478844361424003,0.09102783733754433,0.17398798423014591,0.22686823875400924,0.05288025452386333,0.02812187830514512,0.0578884841278029,0.029766605822657777
7,19,2024,44550,0.8824634525,0.849855,0.8745903479236813,0.02473534792368126,0.78760317107837,0.7987897156458836,-0.011186544567513668,0.8533862265947318,0.7501631194655896,0.10322310712914229,0.25685659880485595,0.33322146856325685,0.0763648697584009,0.17398798423014591,0.22224605889262292,0.048258074662477,0.02812187830514512,0.05603518989903855,0.02791331159389343
7,20,2022,21455,0.92437546625,0.849855,0.8602190631554416,0.010364063155441583,0.78760317107837,0.8305352705344782,-0.04293209945610821,0.8533862265947318,0.8453453903045184,0.00804083629021346,0.25685659880485595,0.26035373772652937,0.003497138921673415,0.17398798423014591,0.17095085030761303,-0.003037133922532881,0.02812187830514512,0.018587651015554707,-0.009534227289590413
7,20,2023,15819,0.9397410819267968,0.849855,0.8197736898666161,-0.030081310133383887,0.78760317107837,0.8315427192986826,-0.04393954822031265,0.8533862265947318,0.8383522246658772,0.015034001928854623,0.25685659880485595,0.23385863172229004,-0.022997967082565907,0.17398798423014591,0.17150461321967012,-0.002483371010475799,0.02812187830514512,0.012043029732594857,-0.016078848572550264
7,20,2024,16826,0.924106121478664,0.849855,0.8140377986449543,-0.035817201355045736,0.78760317107837,0.838001176118865,-0.050398005040495075,0.8533862265947318,0.8449763428889507,0.008409883705781107,0.25685659880485595,0.2279818651741816,-0.02887473363067436,0.17398798423014591,0.16806132020867756,-0.005926664021468353,0.02812187830514512,0.020951384321165056,-0.007170493983980064
7,21,2022,46198,0.7804131412499999,0.849855,0.9122472834321832,0.06239228343218317,0.78760317107837,0.7891813691184568,-0.0015781980400868534,0.8533862265947318,0.7850391042592697,0.06834712233546214,0.25685659880485595,0.35613425802198306,0.09927765921712711,0.17398798423014591,0.21715854520846326,0.04317056097831734,0.02812187830514512,0.024756764712885015,-0.003365113592260105
7,21,2023,40708,0.8398541987499999,0.849855,0.8920359634469883,0.042180963446988295,0.78760317107837,0.7965914888587013,-0.008988317780331379,0.8533862265947318,0.7773414490477125,0.07604477754701933,0.25685659880485595,0.34382774173199304,0.08697114292713709,0.17398798423014591,0.21692658394306388,0.04293859971291797,0.02812187830514512,0.000725579892183692,-0.02739629841296143
7,21,2024,43849,0.830262915,0.849855,0.8745923510228284,0.02473735102282837,0.78760317107837,0.8051627070751044,-0.017559535996734432,0.8533862265947318,0.7870080244554833,0.0663782021392485,0.25685659880485595,0.32196327885804266,0.0651066800531867,0.17398798423014591,0.20744076141304194,0.03345277718289602,0.02812187830514512,0.013020791199251702,-0.015101087105893418
7,22,2022,36762,0.7912743725,0.849855,0.8935041619063163,0.04364916190631629,0.78760317107837,0.8502004747348098,-0.06259730365643978,0.8533862265947318,0.8998688662597744,-0.04648263966504251,0.25685659880485595,0.2565821497437622,-0.0002744490610937511,0.17398798423014591,0.14128764184225576,-0.03270034238789016,0.02812187830514512,0.003940514865048872,-0.02418136344009625
7,22,2023,25642,0.85056656,0.849855,0.8755947274003588,0.02573972740035879,0.78760317107837,0.8472913584507973,-0.059688187372427315,0.8533862265947318,0.8883722033737456,-0.03498597677901372,0.25685659880485595,0.25119096670015223,-0.005665632104703722,0.17398798423014591,0.1480593156062413,-0.02592866862390461,0.02812187830514512,0.023049846144955977,-0.005072032160189144
7,22,2024,26115,0.8609617275000001,0.849855,0.8801072180739039,0.03025221807390388,0.78760317107837,0.8393929947574104,-0.05178982367904039,0.8533862265947318,0.8615193739263218,-0.008133147331589985,0.25685659880485595,0.2727600017313872,0.01590340292653125,0.17398798423014591,0.16210045717221966,-0.011887527057926256,0.02812187830514512,0.0014749022809001922,-0.02664697602424493
7,23,2022,17086,0.8726551533419173,0.849855,0.851106168793164,0.0012511687931640036,0.78760317107837,0.7717814383235204,0.01582173275484955,0.8533862265947318,0.79301489470981,0.06037133188492183,0.25685659880485595,0.2855489361623218,0.028692337357465847,0.17398798423014591,0.20237195243881886,0.02838396820867295,0.02812187830514512,0.027374325954025558,-0.0007475523511195625
7,23,2023,12085,0.9235370707488622,0.849855,0.8190318576748035,-0.030823142325196562,0.78760317107837,0.7957926913040678,-0.008189520225697855,0.8533862265947318,0.7745908850959,0.07879534149883183,0.25685659880485595,0.2861795144808654,0.029322915676009476,0.17398798423014591,0.20998552887396854,0.03599754464382263,0.02812187830514512,0.04904209608901611,0.020920217783870987
7,23,2024,14066,0.9044647305559506,0.849855,0.8223375515427271,-0.027517448457272886,0.78760317107837,0.8131533412189116,-0.025550170140541617,0.8533862265947318,0.7838337413198782,0.06955248527485369,0.25685659880485595,0.27968986918054567,0.022833270375689718,0.17398798423014591,0.19963924050824675,0.02565125627810083,0.02812187830514512,0.09199473297342342,0.0638728546682783
7,24,2022,85252,0.7921304574999999,0.849855,0.9182893069957303,0.06843430699573028,0.78760317107837,0.8384793854837156,-0.05087621440534562,0.8533862265947318,0.9073086074936785,-0.05392238089894663,0.25685659880485595,0.26788944304777584,0.011032844242919893,0.17398798423014591,0.13757563518713017,-0.03641234904301574,0.02812187830514512,0.02631917482571744,-0.0018027034794276808
7,24,2023,46905,0.87042209875,0.849855,0.8650676900117258,0.01521269001172576,0.78760317107837,0.8317786054928167,-0.04417543441444671,0.8533862265947318,0.8698486178732009,-0.016462391278469046,0.25685659880485595,0.2528129291762603,-0.0040436696285956475,0.17398798423014591,0.15784539687885302,-0.016142587351292897,0.02812187830514512,0.04601205489138893,0.01789017658624381
7,24,2024,40588,0.87919294,0.849855,0.8700601162905293,0.020205116290529235,0.78760317107837,0.8532199257116,-0.06561675463323002,0.8533862265947318,0.8687261667670171,-0.015339940172285238,0.25685659880485595,0.2543798299070699,-0.0024767688977860303,0.17398798423014591,0.1527016782862146,-0.021286305943931327,0.02812187830514512,0.026263238914388642,-0.001858639390756478
7,25,2022,77989,0.8827529187500001,0.849855,0.8473118003821052,-0.0025431996178948424,0.78760317107837,0.8361574933862506,-0.04855432230788059,0.8533862265947318,0.8392363242007213,0.014149902394010594,0.25685659880485595,0.25576356967159,-0.001093029133265977,0.17398798423014591,0.16984860554308223,-0.004139378687063683,0.02812187830514512,0.004768581649982062,-0.02335329665516306
7,25,2023,48852,0.935939595,0.849855,0.8085237042495701,-0.04133129575042993,0.78760317107837,0.8418067611253757,-0.0542035900470057,0.8533862265947318,0.8125455663088074,0.04084066028592448,0.25685659880485595,0.24896090615249483,-0.00789569265236112,0.17398798423014591,0.17964290227878918,0.005654918048643265,0.02812187830514512,0.009879614746177157,-0.018242263558967964
7,25,2024,51437,0.9289612924999999,0.849855,0.8102533195948441,-0.03960168040515588,0.78760317107837,0.8444268989323436,-0.056823727853973605,0.8533862265947318,0.8202340912148527,0.033152135379879155,0.25685659880485595,0.243548981961124,-0.01330761684373194,0.17398798423014591,0.17446122510802742,0.0004732408778815034,0.02812187830514512,0.0156323453007976,-0.01248953300434752
7,26,2022,116318,0.80064228875,0.849855,0.8542959817053251,0.004440981705325031,0.78760317107837,0.819850099585377,-0.032246928507007055,0.8533862265947318,0.7842038035764973,0.06918242301823452,0.25685659880485595,0.31489416943250537,0.058037570627649415,0.17398798423014591,0.21040715650956518,0.036419172279419265,0.02812187830514512,0.0012535166868197223,-0.026868361618325398
7,26,2023,120356,0.8391423425,0.849855,0.7991458672604607,-0.050709132739539364,0.78760317107837,0.7416706941860112,0.0459324768923588,0.8533862265947318,0.7626620077371508,0.09072421885758108,0.25685659880485595,0.25803057633620374,0.0011739775313477918,0.17398798423014591,0.2157805030245946,0.041792518794448674,0.02812187830514512,0.017127668410001573,-0.010994209895143547
7,26,2024,88629,0.8527580112500001,0.849855,0.8353586297938598,-0.014496370206140252,0.78760317107837,0.8325129429787834,-0.04490977190041345,0.8533862265947318,0.7742525050100201,0.07913372158471177,0.25685659880485595,0.30750015406445647,0.050643555259600515,0.17398798423014591,0.21154667328407745,0.03755868905393153,0.02812187830514512,0.014055079908858015,-0.014066798396287106
7,27,2022,67723,0.80685221625,0.849855,0.9168229405076562,0.0669679405076562,0.78760317107837,0.8125768824779387,-0.02497371139956872,0.8533862265947318,0.8334936558105447,0.019892570784187158,0.25685659880485595,0.3087759136278707,0.05191931482301476,0.17398798423014591,0.17754342384446545,0.0035554396143195333,0.02812187830514512,0.02603115905037967,-0.0020907192547654496
7,27,2023,51229,0.8682783875000001,0.849855,0.900544613402565,0.05068961340256495,0.78760317107837,0.8215952246119409,-0.03399205353357093,0.8533862265947318,0.8145738451528952,0.03881238144183663,0.25685659880485595,0.3130947568240958,0.05623815801923987,0.17398798423014591,0.1903655709162836,0.016377586686137674,0.02812187830514512,0.02694235935635314,-0.00117951894879198
7,27,2024,52461,0.8615314199999999,0.849855,0.8915765997598216,0.04172159975982159,0.78760317107837,0.8310773939356926,-0.04347422285732261,0.8533862265947318,0.8187006469705542,0.03468557962417762,0.25685659880485595,0.3018497754905224,0.044993176685666436,0.17398798423014591,0.18468311142802984,0.01069512719788393,0.02812187830514512,0.012284126274334506,-0.015837752030810615
7,28,2022,41058,0.83484668125,0.849855,0.852428272200302,0.0025732722003020125,0.78760317107837,0.7665253784324046,0.02107779264596532,0.8533862265947318,0.6952949020597192,0.15809132453501262,0.25685659880485595,0.3578271728588719,0.10097057405401594,0.17398798423014591,0.25484219270486624,0.08085420847472033,0.02812187830514512,0.03251435837435013,0.004392480069205007
7,28,2023,31654,0.871780215,0.849855,0.8338598597333671,-0.015995140266632957,0.78760317107837,0.7849443566574066,0.0026588144209633846,0.8533862265947318,0.6958059505317242,0.15758027606300762,0.25685659880485595,0.34331060025940935,0.0864540014545534,0.17398798423014591,0.24836456223493197,0.07437657800478606,0.02812187830514512,0.022146532569761845,-0.005975345735383275
7,28,2024,38944,0.8551156249999999,0.849855,0.8314759654889071,-0.018379034511092907,0.78760317107837,0.8003868598383632,-0.01278368875999325,0.8533862265947318,0.7536467974824139,0.09973942911231792,0.25685659880485595,0.311594415414088,0.05473781660923205,0.17398798423014591,0.22141424618944525,0.04742626195929933,0.02812187830514512,0.018833009772831533,-0.009288868532313588
7,29,2022,104481,0.762800075,0.849855,0.8709239000392416,0.021068900039241556,0.78760317107837,0.795967209029881,-0.008364037951511083,0.8533862265947318,0.8397779269111098,0.013608299683622094,0.25685659880485595,0.2813018154189526,0.024445216614096654,0.17398798423014591,0.17978422810368908,0.005796243873543161,0.02812187830514512,0.023404097157430304,-0.004717781147714817
7,29,2023,76007,0.8287490974999998,0.849855,0.859157709158367,0.00930270915836695,0.78760317107837,0.8371419987222519,-0.049538827643881955,0.8533862265947318,0.8334653397155549,0.019920886879176924,0.25685659880485595,0.284071993546174,0.027215394741318066,0.17398798423014591,0.18063207730291117,0.006644093072765256,0.02812187830514512,0.014549075801406408,-0.013572802503738712
7,29,2024,78464,0.8171927825,0.849855,0.8759813417618271,0.026126341761827043,0.78760317107837,0.8528514242618233,-0.06524825318345329,0.8533862265947318,0.8441011235955056,0.009285102999226247,0.25685659880485595,0.28891104916239424,0.03205445035753829,0.17398798423014591,0.1738538447345535,-0.0001341394955924058,0.02812187830514512,0.012617860489617216,-0.015504017815527904
7,30,2022,22846,0.81740062625,0.849855,0.840759870436838,-0.009095129563162052,0.78760317107837,0.7301212898853993,0.05748188119297071,0.8533862265947318,0.7553052214949003,0.09808100509983153,0.25685659880485595,0.294451161796966,0.03759456299211006,0.17398798423014591,0.22158221756112353,0.04759423333097762,0.02812187830514512,0.007524960818662052,-0.02059691748648307
7,30,2023,14065,0.8623072964806257,0.849855,0.8100959829363669,-0.03975901706363316,0.78760317107837,0.8137589180877547,-0.026155747009384722,0.8533862265947318,0.762751279003669,0.09063494759106283,0.25685659880485595,0.28009272065774693,0.02323612185289098,0.17398798423014591,0.20624909241981923,0.032261108189673315,0.02812187830514512,0.121747989532756,0.09362611122761089
7,30,2024,11556,0.880386286344756,0.849855,0.7892004153686397,-0.06065458463136031,0.78760317107837,0.8140682390242846,-0.026465067945914633,0.8533862265947318,0.7183136412459721,0.13507258534875977,0.25685659880485595,0.294376595077371,0.037519996272515066,0.17398798423014591,0.2219040957287593,0.047916111498613384,0.02812187830514512,0.07740817200984607,0.049286293704700945
7,31,2022,24475,0.82565422625,0.849855,0.9039836567926456,0.05412865679264556,0.78760317107837,0.8214504243298473,-0.033847253251477305,0.8533862265947318,0.8349075975359342,0.018478629058797602,0.25685659880485595,0.30195798773698207,0.04510138893212612,0.17398798423014591,0.18108263912728575,0.00709465489713984,0.02812187830514512,0.04793089086023228,0.019809012555087158
7,31,2023,18503,0.8736473490785279,0.849855,0.8762362860076744,0.02638128600767442,0.78760317107837,0.8353812792957931,-0.04777810821742312,0.8533862265947318,0.813676308392927,0.039709918201804806,0.25685659880485595,0.296309391165992,0.039452792361136024,0.17398798423014591,0.18835865511033015,0.014370670880184233,0.02812187830514512,0.03956835698572059,0.011446478680575467
7,31,2024,19126,0.8689777488758758,0.849855,0.868085328871693,0.018230328871692958,0.78760317107837,0.8416301400959281,-0.0540269690175581,0.8533862265947318,0.8300985776170823,0.023287648977649567,0.25685659880485595,0.28033668241021453,0.02348008360535858,0.17398798423014591,0.17835878508027214,0.004370800850126227,0.02812187830514512,0.00332418332211204,-0.02479769498303308
7,32,2022,5256,0.9569108447488586,0.849855,0.8679604261796042,0.0181054261796042,0.78760317107837,0.8308524119180247,-0.04324924083965476,0.8533862265947318,0.7969426751592357,0.056443551435496175,0.25685659880485595,0.28645415598106444,0.02959755717620849,0.17398798423014591,0.18439895117560515,0.010410966945459232,0.02812187830514512,0.05368881565297401,0.02556693734782889
7,32,2023,3474,0.9512329231433507,0.849855,0.7446747265400115,-0.10518027345998848,0.78760317107837,0.896440837436685,-0.10883766635831504,0.8533862265947318,0.8674948240165632,-0.014108597421831348,0.25685659880485595,0.1900132190690614,-0.06684337973579454,0.17398798423014591,0.1472346549829075,-0.026753329247238417,0.02812187830514512,0.041226954817200845,0.013105076512055724
7,32,2024,2669,0.9686770044960659,0.849855,0.7186212064443612,-0.1312337935556388,0.78760317107837,0.8879773093643653,-0.10037413828599528,0.8533862265947318,0.8713255684969495,-0.017939341902217687,0.25685659880485595,0.17941852397243,-0.07743807483242596,0.17398798423014591,0.14994328329707476,-0.02404470093307115,0.02812187830514512,0.043585233877524776,0.015463355572379656
7,33,2022,10824,0.8906349431818181,0.849855,0.8438654841093866,-0.005989515890613473,0.78760317107837,0.7810817376522854,0.0065214334260845774,0.8533862265947318,0.6864718539598806,0.1669143726348512,0.25685659880485595,0.33568627679373203,0.07882967798887608,0.17398798423014591,0.24561404478013493,0.07162606054998902,0.02812187830514512,0.05614190311729361,0.028020024812148492
7,33,2023,9118,0.9286021084667689,0.849855,0.739526211888572,-0.11032878811142799,0.78760317107837,0.7888396699891504,-0.0012364989107804814,0.8533862265947318,0.6145251396648045,0.23886108692992736,0.25685659880485595,0.2926226866224515,0.03576608781759555,0.17398798423014591,0.24748136575274593,0.07349338152260002,0.02812187830514512,0.00811685825544095,-0.02000502004970417
7,33,2024,11635,0.8793560721959603,0.849855,0.7870219166308552,-0.06283308336914484,0.78760317107837,0.8333305789429011,-0.04572740786453111,0.8533862265947318,0.7797600152371278,0.07362621135760405,0.25685659880485595,0.25329695648834744,-0.0035596423165085156,0.17398798423014591,0.19256686020503536,0.01857887597488944,0.02812187830514512,0.0037619784722016103,-0.02435989983294351
7,34,2022,92492,0.83958241625,0.849855,0.8195087142671799,-0.030346285732820166,0.78760317107837,0.8477963435935938,-0.060193172515223825,0.8533862265947318,0.8013648438215627,0.052021382773169145,0.25685659880485595,0.269124859752904,0.01226826094804806,0.17398798423014591,0.1862868306857863,0.012298846455640389,0.02812187830514512,0.017338369436620926,-0.010783508868524194
7,34,2023,60795,0.91096486125,0.849855,0.7454724895139403,-0.10438251048605973,0.78760317107837,0.8431086724472863,-0.0555055013689163,0.8533862265947318,0.7274669695863254,0.12591925700840645,0.25685659880485595,0.25954125291204383,0.0026846541071878782,0.17398798423014591,0.2066565081991579,0.03266852396901199,0.02812187830514512,0.022315757970421957,-0.005806120334723164
7,34,2024,59381,0.91005775375,0.849855,0.7592664320237112,-0.09058856797628878,0.78760317107837,0.8539119121876553,-0.06630874110928531,0.8533862265947318,0.7397571463342077,0.1136290802605241,0.25685659880485595,0.2650817463202359,0.00822514751537995,0.17398798423014591,0.20201927193399388,0.028031287703847968,0.02812187830514512,0.019837327056311804,-0.008284551248833316
7,35,2022,14510,0.8272209114403859,0.849855,0.9191592005513439,0.0693042005513439,0.78760317107837,0.7845311529099321,0.003072018168437829,0.8533862265947318,0.9127453669239509,-0.05935914032921907,0.25685659880485595,0.25201498172196884,-0.004841617082887106,0.17398798423014591,0.13641914262100963,-0.03756884160913629,0.02812187830514512,0.015999491373738017,-0.012122386931407103
7,35,2023,4420,0.9425222002262446,0.849855,0.8260180995475113,-0.023836900452488763,0.78760317107837,0.813032145743422,-0.025428974665052007,0.8533862265947318,0.7640122758843483,0.08937395071038357,0.25685659880485595,0.2931701771741908,0.036313578369334854,0.17398798423014591,0.21104184878666632,0.037053864556520405,0.02812187830514512,0.07506193894380786,0.04694006063866274
7,35,2024,20477,0.876048115,0.849855,0.913756897983103,0.06390189798310297,0.78760317107837,0.8004242784977649,-0.012821107419394906,0.8533862265947318,0.9168355871490851,-0.06344936055435324,0.25685659880485595,0.2549966773510806,-0.0018599214537753372,0.17398798423014591,0.1363464604850989,-0.037641523745047006,0.02812187830514512,0.05933917090984142,0.0312172926046963
7,36,2022,219235,0.78520706875,0.849855,0.8209455606997058,-0.028909439300294215,0.78760317107837,0.7903738543586885,-0.0027706832803184867,0.8533862265947318,0.745908095695824,0.1074781308989079,0.25685659880485595,0.3063494221073752,0.04949282330251925,0.17398798423014591,0.22458904602644295,0.05060106179629703,0.02812187830514512,0.0227919094893545,-0.00532996881579062
7,36,2023,157294,0.85350769,0.849855,0.773386143145956,-0.07646885685404403,0.78760317107837,0.8027395393691352,-0.015136368290765256,0.8533862265947318,0.7271022443890275,0.12628398220570436,0.25685659880485595,0.28309854354235614,0.02624194473750019,0.17398798423014591,0.22531790573936908,0.051329921509223164,0.02812187830514512,0.025865107854054825,-0.0022567704510902953
7,36,2024,164460,0.8596278774999999,0.849855,0.7618448254894807,-0.08801017451051929,0.78760317107837,0.7914949246779268,-0.0038917535995568464,0.8533862265947318,0.7170351595942789,0.13635106700045296,0.25685659880485595,0.2774258623251761,0.020569263520320125,0.17398798423014591,0.22996135547879953,0.05597337124865362,0.02812187830514512,0.01619912656622735,-0.01192275173891777
7,37,2022,256903,0.8261648212499999,0.849855,0.740022498764125,-0.10983250123587507,0.78760317107837,0.8838469859342448,-0.09624381485587485,0.8533862265947318,0.7589527363892766,0.09443349020545522,0.25685659880485595,0.2723069282161069,0.015450329411250963,0.17398798423014591,0.1994001045934142,0.025412120363268287,0.02812187830514512,0.010215571356414155,-0.017906306948730966
7,37,2023,214436,0.88504720625,0.849855,0.679438154041299,-0.170416845958701,0.78760317107837,0.8861816353049312,-0.09857846422656125,0.8533862265947318,0.7379888080393904,0.11539741855534147,0.25685659880485595,0.2516571731101073,-0.005199425694748627,0.17398798423014591,0.19891482927037946,0.024926845040233542,0.02812187830514512,0.016872991644114377,-0.011248886661030744
7,37,2024,149491,0.8581791562500001,0.849855,0.8350803727314687,-0.014774627268531293,0.78760317107837,0.8391423907811721,-0.051539219702802175,0.8533862265947318,0.7772404823272145,0.0761457442675173,0.25685659880485595,0.30436069565771956,0.04750409685286361,0.17398798423014591,0.20707351319862924,0.033085528968483324,0.02812187830514512,0.004422244469909131,-0.02369963383523599
7,38,2022,10816,0.8301513105584319,0.849855,0.9206730769230769,0.07081807692307684,0.78760317107837,0.7714875086084154,0.01611566246995455,0.8533862265947318,0.8761655488303616,-0.02277932223562973,0.25685659880485595,0.2638175909236754,0.0069609921188194535,0.17398798423014591,0.1526277575766353,-0.021360226653510617,0.02812187830514512,0.034061476162447146,0.005939597857302026
7,38,2023,7639,0.8910518523366933,0.849855,0.9041759392590654,0.05432093925906534,0.78760317107837,0.766541091203111,0.021062079875258988,0.8533862265947318,0.8400873574375152,0.013298869157216675,0.25685659880485595,0.27441414791726443,0.017557549112408477,0.17398798423014591,0.17365575915509507,-0.000332225075050846,0.02812187830514512,0.02883370956440956,0.0007118312592644394
7,38,2024,7008,0.8942824272260275,0.849855,0.8958333333333334,0.04597833333333334,0.78760317107837,0.8448914888695906,-0.05728831779122068,0.8533862265947318,0.82291571337055,0.030470513224181817,0.25685659880485595,0.2926912939537551,0.03583469514889914,0.17398798423014591,0.1787614767200415,0.004773492489895587,0.02812187830514512,0.06413411383340017,0.036012235528255054
7,39,2022,287388,0.787957965,0.849855,0.8236112850919315,-0.02624371490806854,0.78760317107837,0.7859067266309432,0.0016964444474267815,0.8533862265947318,0.708379917660831,0.14500630893390087,0.25685659880485595,0.33261728738707963,0.07576068858222368,0.17398798423014591,0.24099462062659577,0.06700663639644985,0.02812187830514512,0.03441675766975716,0.006294879364612038
7,39,2023,229405,0.8488312712499999,0.849855,0.7775811338026634,-0.07227386619733667,0.78760317107837,0.8117178025532599,-0.024114631474889903,0.8533862265947318,0.6994127256851533,0.1539735009095785,0.25685659880485595,0.3037394598733695,0.046882861068513526,0.17398798423014591,0.23339292150338317,0.05940493727323726,0.02812187830514512,0.04239385321239708,0.01427197490725196
7,39,2024,320978,0.83404336125,0.849855,0.8277732430260017,-0.02208175697399828,0.78760317107837,0.8387556454224292,-0.05115247434405923,0.8533862265947318,0.7956081340268781,0.05777809256785371,0.25685659880485595,0.2846462771921032,0.027789678387247274,0.17398798423014591,0.19585961828797788,0.021871634057831962,0.02812187830514512,0.017452538317855204,-0.010669339987289916
7,40,2022,29374,0.8452165575,0.849855,0.8364540069449172,-0.0134009930550828,0.78760317107837,0.8492409874487312,-0.061637816370361254,0.8533862265947318,0.817146715719375,0.03623951087535682,0.25685659880485595,0.2726792068085689,0.015822608003712935,0.17398798423014591,0.1858668328582963,0.01187884862815039,0.02812187830514512,0.014012669098360409,-0.014109209206784712
7,40,2023,29819,0.8709952674999999,0.849855,0.8414098393641638,-0.008445160635836224,0.78760317107837,0.8457133806560289,-0.05811020957765889,0.8533862265947318,0.8166887175509832,0.03669750904374869,0.25685659880485595,0.2752096331555391,0.01835303435068314,0.17398798423014591,0.18568187696611013,0.011693892735964218,0.02812187830514512,0.025539115139974644,-0.0025827631651704763
7,40,2024,32728,0.8842708712499999,0.849855,0.8572170618430701,0.007362061843070089,0.78760317107837,0.8736752610191458,-0.08607208994077586,0.8533862265947318,0.8484146633655458,0.004971563229186016,0.25685659880485595,0.2676274270532416,0.010770828248385655,0.17398798423014591,0.1671434268552003,-0.0068445573749456035,0.02812187830514512,0.027648273931984324,-0.0004736043731607964
7,41,2022,33262,0.9011025175,0.849855,0.8433046719980759,-0.006550328001924122,0.78760317107837,0.8027086950038513,-0.015105523925481368,0.8533862265947318,0.6932008890098426,0.1601853375848893,0.25685659880485595,0.3522776555412654,0.09542105673640944,0.17398798423014591,0.24820231686281505,0.07421433263266913,0.02812187830514512,0.021418340269935943,-0.006703538035209178
7,41,2023,32846,0.9191367187499999,0.849855,0.8051817572916032,-0.04467324270839679,0.78760317107837,0.7928888084560466,-0.005285637377676622,0.8533862265947318,0.6578406421299922,0.19554558446473969,0.25685659880485595,0.3418472670294059,0.08499066822454993,0.17398798423014591,0.25774539429581056,0.08375741006566464,0.02812187830514512,0.03915273501987815,0.011030856714733028
7,41,2024,32833,0.91215578,0.849855,0.8230134316084428,-0.02684156839155727,0.78760317107837,0.8146531394058019,-0.027049968327431895,0.8533862265947318,0.6977494215803127,0.15563680501441912,0.25685659880485595,0.3352444087051514,0.07838780990029542,0.17398798423014591,0.2405873715344274,0.0665993873042815,0.02812187830514512,0.005631302322695486,-0.022490575982449634
7,42,2022,376432,0.8375971874999999,0.849855,0.7653281336336974,-0.08452686636630258,0.78760317107837,0.7579121114879059,0.02969105959046403,0.8533862265947318,0.5816967950583286,0.27168943153640324,0.25685659880485595,0.34064734153507514,0.08379074273021919,0.17398798423014591,0.27670464692899466,0.10271666269884874,0.02812187830514512,0.02135166996302873,-0.0067702083421163906
7,42,2023,293152,0.8844332824999999,0.849855,0.7106825128261107,-0.1391724871738893,0.78760317107837,0.7585298893888925,0.029073281689477426,0.8533862265947318,0.5529374594675491,0.3004487671271827,0.25685659880485595,0.3150294580317968,0.058172859226940876,0.17398798423014591,0.27760703320505664,0.10361904897491073,0.02812187830514512,0.01334417680007427,-0.01477770150507085
7,42,2024,283131,0.8763398575,0.849855,0.7362210425562725,-0.1136339574437275,0.78760317107837,0.7798794996516905,0.0077236714266795126,0.8533862265947318,0.6047908427381756,0.24859538385655622,0.25685659880485595,0.3142856100532798,0.05742901124842387,0.17398798423014591,0.2632156624682788,0.08922767823813291,0.02812187830514512,0.018766030103156472,-0.009355848201988648
7,44,2022,13342,0.8919691575475941,0.849855,0.8516714135811723,0.0018164135811722382,0.78760317107837,0.7633592392745494,0.024243931803820562,0.8533862265947318,0.7821751958490182,0.07121103074571367,0.25685659880485595,0.2855362534641509,0.02867965465929495,0.17398798423014591,0.20542754436002184,0.03143956012987592,0.02812187830514512,0.010886532482295985,-0.017235345822849135
7,44,2023,9348,0.9294437553487378,0.849855,0.8168592212237912,-0.03299577877620885,0.78760317107837,0.7789330192570358,0.008670151821334127,0.8533862265947318,0.7367596364775932,0.1166265901171386,0.25685659880485595,0.2889443290212307,0.03208773021637473,0.17398798423014591,0.22084873832622376,0.046860754096077845,0.02812187830514512,0.016581814642368187,-0.011540063662776934
7,44,2024,9217,0.9328778941087122,0.849855,0.8183790821308452,-0.031475917869154824,0.78760317107837,0.7858227722190465,0.001780398859323462,0.8533862265947318,0.7389996834441279,0.11438654315060393,0.25685659880485595,0.29086663144623076,0.03401003264137481,0.17398798423014591,0.2184755910172191,0.0444876067870732,0.02812187830514512,0.05684991372120907,0.028728035416063946
7,45,2022,38395,0.8185375862500001,0.849855,0.8449537700221383,-0.0049012299778616875,0.78760317107837,0.8162379239061819,-0.028634752827811916,0.8533862265947318,0.7755986524628972,0.07778757413183468,0.25685659880485595,0.3024845331746031,0.04562793436974716,0.17398798423014591,0.20639287156284677,0.03240488733270086,0.02812187830514512,0.01119998092054475,-0.01692189738460037
7,45,2023,17688,0.8767263738127544,0.849855,0.8468453188602443,-0.003009681139755749,0.78760317107837,0.8065543267896329,-0.018951155711262935,0.8533862265947318,0.8175792724259998,0.03580695416873203,0.25685659880485595,0.2648182356990072,0.007961636894151247,0.17398798423014591,0.1873451491290245,0.013357164898878587,0.02812187830514512,0.029285346828580305,0.001163468523435185
7,45,2024,14956,0.890195269457074,0.849855,0.832642417758759,-0.017212582241241003,0.78760317107837,0.8219134709592368,-0.03431029988086687,0.8533862265947318,0.8036223223315252,0.04976390426320665,0.25685659880485595,0.26288396188269836,0.006027363077842407,0.17398798423014591,0.18637956947145018,0.012391585241304265,0.02812187830514512,0.026683038671096004,-0.001438839634049116
7,46,2022,18639,0.7830338953270026,0.849855,0.9398036375342025,0.08994863753420246,0.78760317107837,0.8772071632578573,-0.08960399217948734,0.8533862265947318,0.8988812792463355,-0.045495052651603696,0.25685659880485595,0.29389956450641924,0.03704296570156329,0.17398798423014591,0.1441578406558469,-0.029830143574299,0.02812187830514512,0.037094395731527285,0.008972517426382165
7,46,2023,17537,0.8517177724240178,0.849855,0.9377316530763529,0.08787665307635284,0.78760317107837,0.8962300241564458,-0.10862685307807585,0.8533862265947318,0.9160265590417914,-0.06264033244705958,0.25685659880485595,0.2805706499941822,0.023714051189326235,0.17398798423014591,0.13115154739613408,-0.04283643683401184,0.02812187830514512,0.0022601208710701925,-0.025861757434074928
7,46,2024,17415,0.8607492391616423,0.849855,0.9285673270169394,0.07871232701693942,0.78760317107837,0.8890567619260468,-0.1014535908476768,0.8533862265947318,0.9216541501328174,-0.06826792353808553,0.25685659880485595,0.2671669024360108,0.010310303631154871,0.17398798423014591,0.1266788539096043,-0.047309130320541626,0.02812187830514512,0.05008169292449516,0.021959814619350038
7,47,2022,106425,0.7801024974999999,0.849855,0.8215268968757341,-0.028328103124265924,0.78760317107837,0.8500567848622547,-0.0624536137838847,0.8533862265947318,0.8015400261513875,0.051846200443344315,0.25685659880485595,0.28301601003285737,0.026159411228001417,0.17398798423014591,0.1924122329442859,0.018424248714139974,0.02812187830514512,0.04734452070902373,0.01922264240387861
7,47,2023,86513,0.8310763162499999,0.849855,0.7831424179025117,-0.06671258209748832,0.78760317107837,0.8758592506982439,-0.08825607961987392,0.8533862265947318,0.807795573699679,0.04559065289505282,0.25685659880485595,0.25830790732322156,0.0014513085183656127,0.17398798423014591,0.18113770616938604,0.007149721939240128,0.02812187830514512,0.02158826684776871,-0.006533611457376409
7,47,2024,82435,0.8202828962500001,0.849855,0.7832352762782798,-0.0666197237217202,0.78760317107837,0.8511477176354667,-0.06354454655709674,0.8533862265947318,0.8208029762827469,0.032583250311984946,0.25685659880485595,0.23687573866811987,-0.019980860136736084,0.17398798423014591,0.17579419789211773,0.0018062136619718117,0.02812187830514512,0.04443631838321316,0.016314440078068038
7,48,2022,1019874,0.7628817562499999,0.849855,0.7524958965519271,-0.09735910344807297,0.78760317107837,0.8740773429060724,-0.08647417182770245,0.8533862265947318,0.8698188058248215,-0.016432579230089672,0.25685659880485595,0.1911076976026014,-0.06574890120225454,0.17398798423014591,0.15016399053811022,-0.023823993692035694,0.02812187830514512,0.0018276241107403335,-0.026294254194404787
7,48,2023,936002,0.85329375,0.849855,0.7151448394341038,-0.13471016056589624,0.78760317107837,0.8937201777341588,-0.10611700665578883,0.8533862265947318,0.8686146405887626,-0.015228413994030743,0.25685659880485595,0.17602090952627006,-0.08083568927858589,0.17398798423014591,0.14383266889035926,-0.03015531533978666,0.02812187830514512,0.0028550731912043714,-0.02526680511394075
7,48,2024,938754,0.8532199375,0.849855,0.739025346363371,-0.110829653636629,0.78760317107837,0.8827442120692168,-0.09514104099084686,0.8533862265947318,0.8697542734306376,-0.01636804683590576,0.25685659880485595,0.19086431277146393,-0.06599228603339202,0.17398798423014591,0.14801130349032487,-0.02597668073982104,0.02812187830514512,0.005637378887495603,-0.022484499417649517
7,49,2022,113773,0.8864797074999999,0.849855,0.8023081047348668,-0.04754689526513323,0.78760317107837,0.7642240685831592,0.023379102495210802,0.8533862265947318,0.637622419985288,0.21576380660944383,0.25685659880485595,0.34512121714185934,0.08826461833700339,0.17398798423014591,0.26538798486139886,0.09140000063125295,0.02812187830514512,0.03678102237698799,0.008659144071842872
7,49,2023,72536,0.9048717775,0.849855,0.8265413036285431,-0.02331369637145697,0.78760317107837,0.8118257689874007,-0.024222597909030696,0.8533862265947318,0.7112378516087773,0.14214837498595456,0.25685659880485595,0.33526023217352746,0.07840363336867151,0.17398798423014591,0.2397338014420634,0.0657458172119175,0.02812187830514512,0.03831844071854551,0.01019656241340039
7,49,2024,63924,0.9033991437500001,0.849855,0.7892184469057005,-0.060636553094299495,0.78760317107837,0.7903392099867705,-0.002736038908400573,0.8533862265947318,0.6719431967119244,0.18144302988280747,0.25685659880485595,0.32321739190335236,0.0663607930984964,0.17398798423014591,0.2488511062980214,0.07486312206787549,0.02812187830514512,0.02088986888334854,-0.007232009421796581
7,50,2022,6648,0.9110980069193743,0.849855,0.9089951865222623,0.05914018652226227,0.78760317107837,0.8071776237241917,-0.019574452645821694,0.8533862265947318,0.850415512465374,0.0029707141293578987,0.25685659880485595,0.29457620859610534,0.03771960979124939,0.17398798423014591,0.1750234335945525,0.001035449364406582,0.02812187830514512,0.11308708305815296,0.08496520475300784
7,50,2024,5714,0.926648884319216,0.849855,0.9109205460273013,0.0610655460273013,0.78760317107837,0.8105831818808049,-0.022980010802434947,0.8533862265947318,0.7764894960394902,0.0768967305552416,0.25685659880485595,0.3342157295423454,0.07735913073748946,0.17398798423014591,0.2091335949107449,0.03514561068059899,0.02812187830514512,0.13066950404257804,0.10254762573743292
7,51,2022,130626,0.79015153625,0.849855,0.8885826711374458,0.038727671137445796,0.78760317107837,0.8249250519688522,-0.03732188089048227,0.8533862265947318,0.8972799535933436,-0.043893726998611715,0.25685659880485595,0.2336996899482172,-0.023156908856638764,0.17398798423014591,0.13927425896214574,-0.03471372526800018,0.02812187830514512,0.02502092035328296,-0.00310095795186216
7,51,2023,98664,0.8627066750000001,0.849855,0.8783446849914862,0.028489684991486186,0.78760317107837,0.8125320597668941,-0.024928888688524165,0.8533862265947318,0.8863169320267575,-0.0329307054320257,0.25685659880485595,0.230708250259984,-0.02614834854487194,0.17398798423014591,0.14510752739904037,-0.028880456831105544,0.02812187830514512,0.050357982599537277,0.022236104294392156
7,51,2024,79616,0.87153779125,0.849855,0.8689836213826366,0.0191286213826366,0.78760317107837,0.8182664176244239,-0.0306632465460539,0.8533862265947318,0.8732729945076197,-0.019886767912887904,0.25685659880485595,0.24103601302800604,-0.015820585776849916,0.17398798423014591,0.1541417358237447,-0.0198462484064012,0.02812187830514512,0.04005251873394533,0.01193064042880021
7,53,2022,114794,0.8643590112499999,0.849855,0.832308308796627,-0.017546691203373044,0.78760317107837,0.7951430748979731,-0.007539903819603122,0.8533862265947318,0.739439299758975,0.1139469268357568,0.25685659880485595,0.3102819114276821,0.05342531262282613,0.17398798423014591,0.22296453944510206,0.04897655521495614,0.02812187830514512,0.03860491062270288,0.010483032317557761
7,53,2023,51623,0.9319294012499999,0.849855,0.7378300369990121,-0.11202496300098796,0.78760317107837,0.7727163829616186,0.01488678811675137,0.8533862265947318,0.5991961104382778,0.25419011615645404,0.25685659880485595,0.3064229617911139,0.04956636298625794,0.17398798423014591,0.2616489932077273,0.08766100897758136,0.02812187830514512,0.04437398021162664,0.01625210190648152
7,53,2024,58324,0.9107456462500001,0.849855,0.7716720389548042,-0.07818296104519584,0.78760317107837,0.8091674021074868,-0.021564231029116865,0.8533862265947318,0.7060621918638279,0.14732403473090394,0.25685659880485595,0.28519557682339364,0.028338978018537686,0.17398798423014591,0.22625824432062683,0.05227026009048091,0.02812187830514512,0.05320575697782437,0.02508387867267925
7,54,2022,8082,0.9327455827765405,0.849855,0.7958426132145509,-0.054012386785449173,0.78760317107837,0.8086803199909542,-0.021077148912584276,0.8533862265947318,0.7148764304260025,0.13850979616872938,0.25685659880485595,0.3237058670690247,0.06684926826416876,0.17398798423014591,0.23976456175547803,0.06577657752533211,0.02812187830514512,0.10951691992879375,0.08139504162364863
7,54,2023,6621,0.9437074195740824,0.849855,0.7424860293007098,-0.10736897069929019,0.78760317107837,0.7928970934574755,-0.005293922379105531,0.8533862265947318,0.6625242718446602,0.19086195475007162,0.25685659880485595,0.29973326532958894,0.04287666652473299,0.17398798423014591,0.24701741476158612,0.0730294305314402,0.02812187830514512,0.0995785353708265,0.07145665706568138
7,54,2024,5773,0.9416510566429933,0.849855,0.7495236445522259,-0.10033135544777416,0.78760317107837,0.8002794380935301,-0.012676267015160114,0.8533862265947318,0.6472530771540078,0.20613314944072403,0.25685659880485595,0.31387400800806037,0.05701740920320442,0.17398798423014591,0.25262677477204615,0.07863879054190023,0.02812187830514512,0.04727802389824043,0.01915614559309531
7,55,2022,106561,0.8304444724999999,0.849855,0.8856241964696278,0.03576919646962773,0.78760317107837,0.7691581483896006,0.018445022688769352,0.8533862265947318,0.6855409642077488,0.16784526238698305,0.25685659880485595,0.38291674641611795,0.126060147611262,0.17398798423014591,0.25958619464953064,0.08559821041938473,0.02812187830514512,0.005063160211357998,-0.023058718093787123
7,55,2023,82927,0.880697675,0.849855,0.8524605978752396,0.002605597875239618,0.78760317107837,0.7712596481265441,0.01634352295182584,0.8533862265947318,0.6278948614728865,0.2254913651218453,0.25685659880485595,0.3842236032997871,0.12736700449493116,0.17398798423014591,0.27581239467863417,0.10182441044848825,0.02812187830514512,0.018329802906976056,-0.009792075398169064
7,55,2024,85624,0.86664848375,0.849855,0.8514318415397553,0.001576841539755236,0.78760317107837,0.7821594445583351,0.005443726520034886,0.8533862265947318,0.6685838423048843,0.18480238428984752,0.25685659880485595,0.36327198324442517,0.10641538443956922,0.17398798423014591,0.25775149082595133,0.08376350659580542,0.02812187830514512,0.04866022409043591,0.02053834578529079
7,72,2022,17717,0.9331045916351527,0.849855,0.7870406953773212,-0.06281430462267878,0.78760317107837,0.6891156500600111,0.09848752101835889,0.8533862265947318,0.7938954714521262,0.0594907551426056,0.25685659880485595,0.22558885673368892,-0.03126774207116703,0.17398798423014591,0.2076688004648079,0.03368081623466199,0.02812187830514512,0.02119073254727999,-0.006931145757865131
7,72,2023,15050,0.9515461877076413,0.849855,0.806578073089701,-0.04327692691029905,0.78760317107837,0.6662143267825575,0.12138884429581243,0.8533862265947318,0.8059740600026202,0.04741216659211167,0.25685659880485595,0.2348544036354633,-0.02200219516939264,0.17398798423014591,0.21096647368123153,0.03697848945108562,0.02812187830514512,0.0027726167126300716,-0.02534926159251505
7,72,2024,14116,0.9536599727259847,0.849855,0.8005809011051289,-0.04927409889487111,0.78760317107837,0.6866709637447004,0.10093220733366959,0.8533862265947318,0.8201425529945385,0.03324367360019331,0.25685659880485595,0.22032560965515352,-0.03653098914970243,0.17398798423014591,0.19792194116565723,0.023933956935511314,0.02812187830514512,0.05289753133047714,0.024775653025332023
123,1,2022,49006,0.80454593375,0.85007,0.8614251316165368,0.011355131616536784,0.790283241578237,0.8232411364833725,-0.032957894905135454,0.8534781310169093,0.8391641664794279,0.01431396453748135,0.2566667546227216,0.2844586634533691,0.027791908830647527,0.1731209697864842,0.18257879795876258,0.009457828172278387,0.021539226422488067,0.00850996622853395,-0.013029260193954117
123,1,2023,29756,0.8822271774999999,0.85007,0.8201707218712192,-0.029899278128780793,0.790283241578237,0.8290244963374436,-0.038741254759206534,0.8534781310169093,0.7897030457457195,0.0637750852711898,0.2566667546227216,0.28991615940693316,0.03324940478421157,0.1731209697864842,0.204827985685864,0.0317070158993798,0.021539226422488067,0.0019708961917837,-0.019568330230704367
123,1,2024,21194,0.92136318875,0.85007,0.842927243559498,-0.007142756440501996,0.790283241578237,0.8316866754656789,-0.04140343388744183,0.8534781310169093,0.8185418712968537,0.03493625972005554,0.2566667546227216,0.2832174511598874,0.026550696537165797,0.1731209697864842,0.19232884845883239,0.01920787867234819,0.021539226422488067,0.00013862933866737315,-0.021400597083820694
123,2,2022,3962,0.8208428445229682,0.85007,0.9275618374558304,0.07749183745583044,0.790283241578237,0.8112408447699639,-0.020957603191726903,0.8534781310169093,0.9560245064669843,-0.10254637545007506,0.2566667546227216,0.2029949297687339,-0.05367182485398769,0.1731209697864842,0.09635615816537028,-0.07676481162111391,0.021539226422488067,0.1531585386782579,0.13161931225576984
123,2,2023,4282,0.887233494862214,0.85007,0.8021952358710883,-0.04787476412891167,0.790283241578237,0.8713777026202592,-0.08109446104202211,0.8534781310169093,0.80920613742495,0.044271993591959324,0.2566667546227216,0.24278226225946495,-0.013884492363256645,0.1731209697864842,0.170220402071339,-0.002900567715145186,0.021539226422488067,0.023919085404958906,0.0023798589824708394
123,4,2022,67321,0.83476841875,0.85007,0.8455756747523061,-0.004494325247693887,0.790283241578237,0.8424253889413569,-0.05214214736311984,0.8534781310169093,0.819194928430281,0.034283202586628314,0.2566667546227216,0.2844218688126452,0.027755114189923602,0.1731209697864842,0.18680972905729973,0.013688759270815531,0.021539226422488067,0.024878195125742852,0.0033389687032547855
123,4,2023,45514,0.8908433675,0.85007,0.7695873797073428,-0.08048262029265718,0.790283241578237,0.8556964456867693,-0.06541320410853224,0.8534781310169093,0.7869070587452598,0.06657107227164949,0.2566667546227216,0.2449217619537841,-0.011744992668937498,0.1731209697864842,0.18627763444199552,0.013156664655511324,0.021539226422488067,0.004839968857955235,-0.016699257564532832
123,4,2024,47307,0.8831095649999999,0.85007,0.835626862832139,-0.014443137167860942,0.790283241578237,0.8496610704179339,-0.05937782883969689,0.8534781310169093,0.7839409294052584,0.06953720161165089,0.2566667546227216,0.29494087965637045,0.038274125033648854,0.1731209697864842,0.1987404398730647,0.025619470086580498,0.021539226422488067,0.009986203413738348,-0.011553023008749719
123,5,2022,38819,0.7870415225,0.85007,0.8909812205363353,0.040911220536335335,0.790283241578237,0.7915931144403778,-0.001309872862140793,0.8534781310169093,0.7677748119388498,0.0857033190780595,0.2566667546227216,0.3464835229647191,0.08981676834199753,0.1731209697864842,0.22553360376612613,0.05241263397964194,0.021539226422488067,0.019336629733075927,-0.0022025966894121396
123,5,2023,28567,0.8476803925,0.85007,0.8780410963699373,0.02797109636993733,0.790283241578237,0.7983840663921158,-0.008100824813878749,0.8534781310169093,0.755308612151226,0.09816951886568326,0.2566667546227216,0.3458169753968777,0.08915022077415613,0.1731209697864842,0.2327409681776755,0.05961999839119131,0.021539226422488067,0.005133843948520456,-0.01640538247396761
123,5,2024,26750,0.84817644375,0.85007,0.8689345794392523,0.01886457943925235,0.790283241578237,0.7990834700559541,-0.00880022847771711,0.8534781310169093,0.7359403505988736,0.11753778041803564,0.2566667546227216,0.34980351508673363,0.09313676046401204,0.1731209697864842,0.24079131953262878,0.06767034974614458,0.021539226422488067,0.011438209304844849,-0.010101017117643218
123,6,2022,1438530,0.761923235,0.85007,0.7341341508345325,-0.11593584916546751,0.790283241578237,0.8092904608190428,-0.01900721924080573,0.8534781310169093,0.8020235335091038,0.051454597507805455,0.2566667546227216,0.19543815303268694,-0.061228601590034654,0.1731209697864842,0.1846864697086791,0.01156549992219491,0.021539226422488067,0.012651806109851282,-0.008887420312636785
123,6,2023,337144,0.8991367950000001,0.85007,0.7025632963956054,-0.14750670360439455,0.790283241578237,0.7980993079337149,-0.007816066355477824,0.8534781310169093,0.7024739265654976,0.15100420445141172,0.2566667546227216,0.23680973696944885,-0.019857017653272746,0.1731209697864842,0.22016139047311958,0.04704042068663539,0.021539226422488067,0.0006992585128924311,-0.020839967909595636
123,6,2024,572762,0.89045974,0.85007,0.6655766269410331,-0.18449337305896685,0.790283241578237,0.790945375005077,-0.0006621334268399615,0.8534781310169093,0.6677746696089449,0.18570346140796434,0.2566667546227216,0.22954183158937996,-0.02712492303334163,0.1731209697864842,0.22754873568272216,0.05442776589623796,0.021539226422488067,0.00025465210976904906,-0.021284574312719018
123,8,2022,119670,0.8179012987500001,0.85007,0.814941087991978,-0.03512891200802204,0.790283241578237,0.7700254390555172,0.020257802522719803,0.8534781310169093,0.7493308035795211,0.10414732743738819,0.2566667546227216,0.2835666836114907,0.026899928988769084,0.1731209697864842,0.2187566144991986,0.04563564471271439,0.021539226422488067,0.046649246364469876,0.02511001994198181
123,8,2023,45170,0.9210613437499999,0.85007,0.8121540845694045,-0.03791591543059547,0.790283241578237,0.8029494809567415,-0.012666239378504418,0.8534781310169093,0.6439902764022688,0.20948785461464048,0.2566667546227216,0.35063067087064564,0.09396391624792405,0.1731209697864842,0.26143504296620507,0.08831407317972087,0.021539226422488067,0.02914346316652483,0.007604236744036763
123,8,2024,53974,0.90434899625,0.85007,0.6433097417274984,-0.20676025827250155,0.790283241578237,0.7504541773509485,0.03982906422728849,0.8534781310169093,0.5945433594766383,0.258934771540271,0.2566667546227216,0.2259603862217639,-0.030706368400957695,0.1731209697864842,0.24279023369175465,0.06966926390527045,0.021539226422488067,0.05073880887922966,0.02919958245674159
123,9,2022,32270,0.84442764375,0.85007,0.8765106910443136,0.02644069104431357,0.790283241578237,0.7878836338053103,0.002399607772926693,0.8534781310169093,0.8163928506950713,0.037085280321838,0.2566667546227216,0.2886953913386346,0.032028636715912995,0.1731209697864842,0.18717732381626412,0.014056354029779922,0.021539226422488067,0.008430152476932351,-0.013109073945555716
123,9,2023,24032,0.9052916387500001,0.85007,0.8815329560585885,0.03146295605858851,0.790283241578237,0.75180420466695,0.03847903691128707,0.8534781310169093,0.8120814322687372,0.04139669874817209,0.2566667546227216,0.2837971741170191,0.02713041949429751,0.1731209697864842,0.1889608886880611,0.015839918901576905,0.021539226422488067,0.02066421364779769,-0.0008750127746903757
123,9,2024,20763,0.9131366525000002,0.85007,0.879978808457352,0.029908808457352,0.790283241578237,0.7805434837706926,0.009739757807544436,0.8534781310169093,0.8010706975279483,0.05240743348896093,0.2566667546227216,0.29625558782770495,0.039588833204983354,0.1731209697864842,0.19262817827687806,0.019507208490393863,0.021539226422488067,0.007931975223534948,-0.013607251198953119
123,10,2022,6914,0.86562225195256,0.85007,0.7655481631472375,-0.08452183685276249,0.790283241578237,0.8355894839983389,-0.04530624242010184,0.8534781310169093,0.7429537767756482,0.11052435424126106,0.2566667546227216,0.2670527365146957,0.010385981891974094,0.1731209697864842,0.20404265773485336,0.030921687948369164,0.021539226422488067,0.013883795907621121,-0.0076554305148669455
123,10,2023,2236,0.9362543604651162,0.85007,0.766994633273703,-0.083075366726297,0.790283241578237,0.8792745505111834,-0.08899130893294638,0.8534781310169093,0.9066666666666666,-0.05318853564975734,0.2566667546227216,0.15336936749684044,-0.10329738712588116,0.1731209697864842,0.1276443459123681,-0.04547662387411611,0.021539226422488067,0.005061324646532972,-0.016477901775955095
123,10,2024,2497,0.9315000600720864,0.85007,0.789347216659992,-0.060722783340008024,0.790283241578237,0.9012737931952473,-0.11099055161701021,0.8534781310169093,0.9192422731804586,-0.06576414216354931,0.2566667546227216,0.15593497889233413,-0.10073177573038747,0.1731209697864842,0.11819415943131349,-0.054926810355170705,0.021539226422488067,0.019473298370618397,-0.00206592805186967
123,11,2023,509,0.9032541257367388,0.85007,0.9351669941060904,0.0850969941060904,0.790283241578237,0.7209065444359561,0.0693766971422809,0.8534781310169093,0.9348986125933831,-0.08142048157647386,0.2566667546227216,0.20955955873281087,-0.04710719588991072,0.1731209697864842,0.10807016202047005,-0.06505080776601414,0.021539226422488067,0.19791357970288015,0.17637435328039208
123,12,2022,1580223,0.69012724625,0.85007,0.7731092383796464,-0.07696076162035359,0.790283241578237,0.7541919993072157,0.03609124227102134,0.8534781310169093,0.8088699223966982,0.04460820862021109,0.2566667546227216,0.20355488553943024,-0.05311186908329135,0.1731209697864842,0.1904398662031276,0.017318896416643415,0.021539226422488067,0.01479236012716767,-0.006746866295320397
123,12,2023,1508709,0.80101497875,0.85007,0.7337399061051535,-0.1163300938948465,0.790283241578237,0.7906962120195125,-0.0004129704412754176,0.8534781310169093,0.777208689377272,0.07626944163963723,0.2566667546227216,0.20461372058125327,-0.05205303404146833,0.1731209697864842,0.19626849814464647,0.023147528358162278,0.021539226422488067,0.0012585606176536146,-0.020280665804834452
123,12,2024,1576739,0.8047325724999999,0.85007,0.7362765809686955,-0.11379341903130447,0.790283241578237,0.7776048701035732,0.012678371474663885,0.8534781310169093,0.7733804926843977,0.0800976383325116,0.2566667546227216,0.20192141416403148,-0.05474534045869012,0.1731209697864842,0.19813815510196006,0.025017185315475865,0.021539226422488067,0.003444080175143749,-0.018095146247344318
123,13,2022,136946,0.74021557875,0.85007,0.8487067895374819,-0.001363210462518083,0.790283241578237,0.7910908057647181,-0.0008075641864810912,0.8534781310169093,0.8478589279719497,0.005619203044959553,0.2566667546227216,0.25004698808180753,-0.006619766540914063,0.1731209697864842,0.1724038224077726,-0.0007171473787115912,0.021539226422488067,0.011885273493930315,-0.009653952928557752
123,13,2023,115077,0.8275004,0.85007,0.790131824778192,-0.059938175221808,0.790283241578237,0.8289553434353496,-0.03867210185711256,0.8534781310169093,0.8384718140528987,0.015006316964010558,0.2566667546227216,0.21274326024269136,-0.04392349438003024,0.1731209697864842,0.16870901499649743,-0.004411954789986766,0.021539226422488067,0.016052510171659984,-0.005486716250828083
123,13,2024,82042,0.854890775,0.85007,0.8420199410058263,-0.008050058994173659,0.790283241578237,0.8517280140421377,-0.061444772463900676,0.8534781310169093,0.8440365499189029,0.009441581098006413,0.2566667546227216,0.2607609529149777,0.0040941982922561015,0.1731209697864842,0.16843217845363337,-0.004688791332850828,0.021539226422488067,0.006433996013215593,-0.015105230409272474
123,15,2022,5464,0.9726503980600293,0.85007,0.7417642752562226,-0.10830572474377742,0.790283241578237,0.8559566781953436,-0.06567343661710656,0.8534781310169093,0.738868479059515,0.11460965195739425,0.2566667546227216,0.25950427210559207,0.0028375174828704774,0.1731209697864842,0.19702825967015875,0.02390728988367455,0.021539226422488067,0.015963524337356372,-0.005575702085131695
123,15,2023,2864,0.9796194745111733,0.85007,0.6941340782122905,-0.15593592178770954,0.790283241578237,0.8370347656716555,-0.04675152409341843,0.8534781310169093,0.7161232425964702,0.13735488842043908,0.2566667546227216,0.23476342257162505,-0.02190333205109654,0.1731209697864842,0.20525621621696966,0.03213524643048546,0.021539226422488067,0.025099374011657183,0.003560147589169116
123,15,2024,1958,0.9749000766087844,0.85007,0.6230847803881512,-0.2269852196118488,0.790283241578237,0.8620285219245635,-0.07174528034632643,0.8534781310169093,0.71435429668747,0.1391238343294393,0.2566667546227216,0.19237438672508173,-0.06429236789763987,0.1731209697864842,0.18184891476515472,0.008727944978670521,0.021539226422488067,0.0007975708502022671,-0.0207416555722858
123,16,2022,28699,0.8484989387499999,0.85007,0.8733753789330638,0.023305378933063836,0.790283241578237,0.8010170968799777,-0.010733855301740647,0.8534781310169093,0.7822096717260855,0.07126845929082382,0.2566667546227216,0.31577832268644834,0.05911156806372675,0.1731209697864842,0.20427082630234458,0.031149856515860386,0.021539226422488067,0.012285524437189554,-0.009253701985298513
123,16,2023,16789,0.8958122073977008,0.85007,0.8172017392340223,-0.03286826076597771,0.790283241578237,0.804076027841663,-0.013792786263425949,0.8534781310169093,0.7442476703617011,0.10923046065520814,0.2566667546227216,0.30518548541857776,0.04851873079585617,0.1731209697864842,0.2228704736982463,0.04974950391176211,0.021539226422488067,0.06802829395516996,0.046489067532681894
123,16,2024,17562,0.8882317788406787,0.85007,0.8271836920624075,-0.022886307937592498,0.790283241578237,0.8182368138224465,-0.027953572244209468,0.8534781310169093,0.7490903007235769,0.10438783029333243,0.2566667546227216,0.30527556647505844,0.04860881185233684,0.1731209697864842,0.2140272319882762,0.040906262201792,0.021539226422488067,0.052447070253898165,0.030907843831410098
123,17,2022,188245,0.75987582,0.85007,0.8726818773406996,0.022611877340699582,0.790283241578237,0.8104732901261191,-0.02019004854788209,0.8534781310169093,0.8726926314278444,-0.019214500410935087,0.2566667546227216,0.2453794407980851,-0.011287313824636491,0.1731209697864842,0.15737947151668363,-0.015741498269800563,0.021539226422488067,0.013447619026754953,-0.008091607395733114
123,17,2023,145228,0.8380150462500001,0.85007,0.851585093783568,0.0015150937835679557,0.790283241578237,0.816337670292254,-0.026054428714016975,0.8534781310169093,0.8618917707667071,-0.008413639749797808,0.2566667546227216,0.23360173617336474,-0.02306501844935685,0.1731209697864842,0.15976505763841978,-0.01335591214806442,0.021539226422488067,0.015223411034755996,-0.006315815387732071
123,17,2024,133363,0.8347640900000001,0.85007,0.8442146622376521,-0.005855337762347923,0.790283241578237,0.8384339176112228,-0.04815067603298573,0.8534781310169093,0.8572602474864656,-0.0037821164695562848,0.2566667546227216,0.23898341827218506,-0.017683336350536538,0.1731209697864842,0.15976453862217835,-0.013356431164305849,0.021539226422488067,0.026548458979660294,0.005009232557172227
123,18,2022,120998,0.7970551674999999,0.85007,0.8573943370964809,0.0073243370964809484,0.790283241578237,0.7744082054205159,0.015875036157721123,0.8534781310169093,0.7602171228352337,0.0932610081816756,0.2566667546227216,0.3192434517651863,0.06257669714246472,0.1731209697864842,0.2211495901401735,0.048028620353689294,0.021539226422488067,0.04353227378219526,0.021993047359707196
123,18,2023,103212,0.838495265,0.85007,0.8399410921210712,-0.010128907878928839,0.790283241578237,0.7924401916070574,-0.002156950028820326,0.8534781310169093,0.7641972104206227,0.08928092059628656,0.2566667546227216,0.30128635554926014,0.04461960092653855,0.1731209697864842,0.21339454607615843,0.040273576289674234,0.021539226422488067,0.0332500830700293,0.011710856647541235
123,18,2024,93840,0.8386807437499999,0.85007,0.8364343563512362,-0.013635643648763796,0.790283241578237,0.7963450254010644,-0.006061783822827405,0.8534781310169093,0.7532451684741989,0.10023296254271041,0.2566667546227216,0.3074551451039415,0.050788390481219914,0.1731209697864842,0.21798205503371026,0.04486108524722607,0.021539226422488067,0.018775654317465973,-0.002763572105022094
123,19,2022,58572,0.8761703562500001,0.85007,0.9051936078672403,0.055123607867240354,0.790283241578237,0.8014711194241517,-0.011187877845914684,0.8534781310169093,0.7146659062826728,0.1388122247342365,0.2566667546227216,0.3897092492070876,0.133042494584366,0.1731209697864842,0.24797892921243944,0.07485795942595524,0.021539226422488067,0.05740287793604404,0.03586365151355597
123,19,2023,44069,0.8946384037500001,0.85007,0.8890149538224148,0.03894495382241481,0.790283241578237,0.7918199525708225,-0.001536710992585455,0.8534781310169093,0.7418256768995347,0.11165245411737457,0.2566667546227216,0.3486757195471161,0.09200896492439453,0.1731209697864842,0.22750724677701986,0.054386276990535665,0.021539226422488067,0.05747507815377251,0.03593585173128444
123,19,2024,44550,0.8821403487500001,0.85007,0.8745903479236813,0.024520347923681296,0.790283241578237,0.798242281055829,-0.007959039477591912,0.8534781310169093,0.7441199437763548,0.10935818724055446,0.2566667546227216,0.33399331917141756,0.07732656454869596,0.1731209697864842,0.22323795276757455,0.05011698298109035,0.021539226422488067,0.057623502745006716,0.03608427632251865
123,20,2022,21455,0.9253281362499999,0.85007,0.8602190631554416,0.010149063155441618,0.790283241578237,0.8294395523836657,-0.039156310805428696,0.8534781310169093,0.8415392471987744,0.011938883818134904,0.2566667546227216,0.26150093982327854,0.004834185200556951,0.1731209697864842,0.17154367161842,-0.0015772981680642062,0.021539226422488067,0.021204229387772555,-0.0003349970347155118
123,20,2023,15819,0.9413239774954171,0.85007,0.8197736898666161,-0.030296310133383852,0.790283241578237,0.8303309027580181,-0.04004766117978109,0.8534781310169093,0.8365543197868651,0.01692381123004416,0.2566667546227216,0.23514546455535276,-0.02152129006736883,0.1731209697864842,0.17232494144063573,-0.0007960283458484652,0.021539226422488067,0.011057281926827756,-0.010481944495660311
123,20,2024,16826,0.9255572967431357,0.85007,0.8140377986449543,-0.0360322013550457,0.790283241578237,0.8395490816363362,-0.0492658400580992,0.8534781310169093,0.844655165544444,0.008822965472465305,0.2566667546227216,0.22976924539842086,-0.02689750922430073,0.1731209697864842,0.1683789806755993,-0.004741989110884887,0.021539226422488067,0.016512951739452886,-0.005026274683035181
123,21,2022,46198,0.78501848875,0.85007,0.9122472834321832,0.062177283432183206,0.790283241578237,0.7894364645059353,0.0008467770723017409,0.8534781310169093,0.7805918497069002,0.07288628131000907,0.2566667546227216,0.3570466626329088,0.1003799080101872,0.1731209697864842,0.21820467678954922,0.04508370700306502,0.021539226422488067,0.02508744735461299,0.0035482209321249236
123,21,2023,40708,0.8423242725000001,0.85007,0.8920359634469883,0.04196596344698833,0.790283241578237,0.7956454824093395,-0.005362240831102483,0.8534781310169093,0.772844494817589,0.08063363619932029,0.2566667546227216,0.344152314188831,0.08748555956610943,0.1731209697864842,0.21764169238805928,0.04452072260157508,0.021539226422488067,0.0016892380462136813,-0.019849988376274386
123,21,2024,43849,0.83058531125,0.85007,0.8745923510228284,0.024522351022828404,0.790283241578237,0.804465313475272,-0.014182071897034909,0.8534781310169093,0.7823001781655096,0.07117795285139972,0.2566667546227216,0.322841900284084,0.0661751456613624,0.1731209697864842,0.20832381491488333,0.035202845128399135,0.021539226422488067,0.011602245964349889,-0.009936980458138178
123,22,2022,36762,0.7950065787500001,0.85007,0.8935041619063163,0.043434161906316326,0.790283241578237,0.8505975127298857,-0.06031427115164867,0.8534781310169093,0.8971765355327889,-0.043698404515879585,0.2566667546227216,0.25751025455069865,0.0008434999279770539,0.1731209697864842,0.14214813489946682,-0.03097283488701738,0.021539226422488067,0.005394194518432371,-0.016145031904055696
123,22,2023,25642,0.8530973225,0.85007,0.8755947274003588,0.025524727400358826,0.790283241578237,0.8477028109287277,-0.05741956935049064,0.8534781310169093,0.8857782221587392,-0.03230009114182997,0.2566667546227216,0.2515862366867204,-0.005080517936001172,0.1731209697864842,0.14870433393475124,-0.024416635851732954,0.021539226422488067,0.02319049740424428,0.0016512709817562143
123,22,2024,26115,0.8635305699999999,0.85007,0.8801072180739039,0.030037218073903915,0.790283241578237,0.8408923228000913,-0.05060908122185426,0.8534781310169093,0.8616523400191022,-0.0081742090021929,0.2566667546227216,0.2714528579717951,0.014786103349073487,0.1731209697864842,0.16044791429116703,-0.012673055495317165,0.021539226422488067,0.0024888624434464823,-0.019050363979041585
123,23,2022,17086,0.8750443330797143,0.85007,0.851106168793164,0.0010361687931640384,0.790283241578237,0.7715490275835166,0.018734213994720417,0.8534781310169093,0.7870142255423985,0.06646390547451075,0.2566667546227216,0.28724287260353776,0.030576117980816164,0.1731209697864842,0.2038182423182136,0.030697272531729408,0.021539226422488067,0.024656032133805184,0.0031168057113171166
123,23,2023,12085,0.923950091021928,0.85007,0.8190318576748035,-0.031038142325196527,0.790283241578237,0.7961895374890644,-0.005906295910827364,0.8534781310169093,0.7672933664420007,0.08618476457490853,0.2566667546227216,0.2887419273866271,0.03207517276390548,0.1731209697864842,0.2117316370558505,0.038610667269366294,0.021539226422488067,0.05572208234252618,0.03418285592003811
123,23,2024,14066,0.9054617197497512,0.85007,0.8223375515427271,-0.02773244845727285,0.790283241578237,0.8125799641201685,-0.02229672254193149,0.8534781310169093,0.7766530694465428,0.0768250615703665,0.2566667546227216,0.2822561883303288,0.02558943370760719,0.1731209697864842,0.20177334159606075,0.028652371809576554,0.021539226422488067,0.08473179284951371,0.06319256642702564
123,24,2022,85252,0.79653673375,0.85007,0.9182893069957303,0.06821930699573031,0.790283241578237,0.8388714526194292,-0.04858821104119215,0.8534781310169093,0.9047175646192849,-0.051239433602375595,0.2566667546227216,0.2677206695288216,0.011053914906100026,0.1731209697864842,0.1377794988078157,-0.03534147097866849,0.021539226422488067,0.02611533184003889,0.004576105417550824
123,24,2023,46905,0.86839427625,0.85007,0.8650676900117258,0.014997690011725795,0.790283241578237,0.831336588097427,-0.041053346519190015,0.8534781310169093,0.8661690678701615,-0.012690936853252177,0.2566667546227216,0.25267096822347845,-0.00399578639924314,0.1731209697864842,0.1583304800441032,-0.014790489742381008,0.021539226422488067,0.04670978995164976,0.025170563529161694
123,24,2024,40588,0.88084467,0.85007,0.8700601162905293,0.01999011629052927,0.790283241578237,0.8529330068533643,-0.06264976527512722,0.8534781310169093,0.8649931000263594,-0.011514969009450149,0.2566667546227216,0.2544838475986652,-0.0021829070240563797,0.1731209697864842,0.15329243740315437,-0.019828532383329822,0.021539226422488067,0.02491400016721612,0.0033747737447280546
123,25,2022,77989,0.8830807674999999,0.85007,0.8473118003821052,-0.0027581996178948076,0.790283241578237,0.8355118334403135,-0.045228591862076506,0.8534781310169093,0.8338419659991039,0.019636165017805407,0.2566667546227216,0.2572658158561302,0.0005990612334085821,0.1731209697864842,0.17117230623261434,-0.001948663553869856,0.021539226422488067,0.003931107570948944,-0.017608118851539123
123,25,2023,48852,0.9390784875000001,0.85007,0.8085237042495701,-0.041546295750429896,0.790283241578237,0.8410250563537547,-0.050741814775517646,0.8534781310169093,0.8051585416756625,0.048319589341246805,0.2566667546227216,0.2514846783886666,-0.0051820762340549775,0.1731209697864842,0.18159774811205354,0.00847677832556934,0.021539226422488067,0.01286519377030515,-0.008674032652182917
123,25,2024,51437,0.9289457587500001,0.85007,0.8102533195948441,-0.039816680405155847,0.790283241578237,0.8438973863989925,-0.05361414482075544,0.8534781310169093,0.8140605535395115,0.039417577477397825,0.2566667546227216,0.24592525621802128,-0.010741498404700317,0.1731209697864842,0.17622316916049974,0.0031021993740155407,0.021539226422488067,0.01564765371597443,-0.005891572706513637
123,26,2022,116318,0.8067506775,0.85007,0.8542959817053251,0.004225981705325066,0.790283241578237,0.8191596404171868,-0.02887639883894977,0.8534781310169093,0.7816957351703205,0.07178239584658874,0.2566667546227216,0.31449397625262326,0.05782722162990167,0.1731209697864842,0.21049934135249912,0.03737837156601492,0.021539226422488067,0.0003662363790919443,-0.021172990043396123
123,26,2023,120356,0.8410022162499998,0.85007,0.7991458672604607,-0.05092413273953933,0.790283241578237,0.7413778167073104,0.04890542487092664,0.8534781310169093,0.7589070516644791,0.09457107935243014,0.2566667546227216,0.2573750117974401,0.0007082571747185074,0.1731209697864842,0.21587673540235833,0.04275576561587413,0.021539226422488067,0.01722377246492368,-0.004315453957564386
123,26,2024,88629,0.8570481475,0.85007,0.8353586297938598,-0.014711370206140217,0.790283241578237,0.8316171769052647,-0.04133393532702767,0.8534781310169093,0.7713890630778384,0.08208906793907089,0.2566667546227216,0.30748721296583426,0.05082045834311266,0.1731209697864842,0.21212656284085102,0.03900559305436682,0.021539226422488067,0.015456374084398372,-0.006082852338089695
123,27,2022,67723,0.8066064125000001,0.85007,0.9168229405076562,0.06675294050765623,0.790283241578237,0.8120475002685463,-0.02176425869030929,0.8534781310169093,0.8306504961411246,0.022827634875784653,0.2566667546227216,0.3089969164529495,0.05233016183022793,0.1731209697864842,0.17802800843952787,0.004907038653043677,0.021539226422488067,0.02415489860592368,0.0026156721834356134
123,27,2023,51229,0.871587895,0.85007,0.900544613402565,0.05047461340256498,0.790283241578237,0.8217446655480236,-0.03146142396978657,0.8534781310169093,0.8117375370249511,0.041740593991958175,0.2566667546227216,0.31307448555241074,0.05640773092968915,0.1731209697864842,0.19074391676122124,0.01762294697473704,0.021539226422488067,0.0246568390368469,0.0031176126143588334
123,27,2024,52461,0.86545281875,0.85007,0.8915765997598216,0.04150659975982163,0.790283241578237,0.8307165524859075,-0.04043331090767044,0.8534781310169093,0.8154491609081935,0.038028970108715754,0.2566667546227216,0.3015203071224732,0.04485355249975159,0.1731209697864842,0.1848721810577222,0.011751211271238016,0.021539226422488067,0.015095880938012174,-0.006443345484475893
123,28,2022,41058,0.83509181625,0.85007,0.852428272200302,0.0023582722003020473,0.790283241578237,0.7647088433776528,0.02557439820058427,0.8534781310169093,0.690350734242309,0.1631273967746003,0.2566667546227216,0.3585350927018275,0.10186833807910589,0.1731209697864842,0.2559020886987234,0.08278111891223919,0.021539226422488067,0.03191396406653846,0.010374737644050391
123,28,2023,31654,0.8753588212500001,0.85007,0.8338598597333671,-0.016210140266632922,0.790283241578237,0.7842654314070456,0.006017810171191407,0.8534781310169093,0.687105934446744,0.16637219657016533,0.2566667546227216,0.34448616568403334,0.08781941106131175,0.1731209697864842,0.2496145637446677,0.0764935939581835,0.021539226422488067,0.022014072539495277,0.00047484611700721047
123,28,2024,38944,0.8576227462500001,0.85007,0.8314759654889071,-0.018594034511092872,0.790283241578237,0.7988753607525716,-0.008592119174334556,0.8534781310169093,0.7488289092125808,0.10464922180432845,0.2566667546227216,0.312438826013885,0.055772071391163414,0.1731209697864842,0.22267383145766315,0.04955286167117895,0.021539226422488067,0.019415590975031316,-0.002123635447456751
123,29,2022,104481,0.767674705,0.85007,0.8709239000392416,0.02085390003924159,0.790283241578237,0.7960405316649504,-0.005757290086713329,0.8534781310169093,0.8368266405484819,0.0166514904684274,0.2566667546227216,0.28195888779819966,0.02529213317547807,0.1731209697864842,0.18061580729548862,0.007494837509004426,0.021539226422488067,0.023812487251044345,0.0022732608285562783
123,29,2023,76007,0.8321984575000001,0.85007,0.859157709158367,0.009087709158366986,0.790283241578237,0.8369500725626584,-0.04666683098442137,0.8534781310169093,0.8295836610515216,0.023894469965387688,0.2566667546227216,0.28469847031755907,0.028031715694837478,0.1731209697864842,0.18142332249931203,0.008302352712827837,0.021539226422488067,0.014156686064375146,-0.007382540358112921
123,29,2024,78464,0.8219550475,0.85007,0.8759813417618271,0.025911341761827078,0.790283241578237,0.85212269407186,-0.06183945249362299,0.8534781310169093,0.8402665639318999,0.013211567085009368,0.2566667546227216,0.2898349122525987,0.033168157629877126,0.1731209697864842,0.17497203479373516,0.0018510650072509627,0.021539226422488067,0.011107908585689108,-0.010431317836798959
123,30,2022,22846,0.82027672875,0.85007,0.840759870436838,-0.009310129563162017,0.790283241578237,0.7300109272204018,0.0602723143578352,0.8534781310169093,0.750596585694181,0.10288154532272831,0.2566667546227216,0.2946842059607801,0.038017451338058506,0.1731209697864842,0.22200392608460526,0.04888295629812106,0.021539226422488067,0.010687088437778769,-0.010852137984709298
123,30,2023,14065,0.8642584180590117,0.85007,0.8100959829363669,-0.03997401706363313,0.790283241578237,0.8139331018637632,-0.02364986028552618,0.8534781310169093,0.7581114808652246,0.09536665015168466,0.2566667546227216,0.2808663956475653,0.024199641024843732,0.1731209697864842,0.20688796561834644,0.03376699583186224,0.021539226422488067,0.11828973305115098,0.09675050662866291
123,30,2024,11556,0.882299197386639,0.85007,0.7892004153686397,-0.060869584631360274,0.790283241578237,0.8141299279088523,-0.023846686330615263,0.8534781310169093,0.7114057637667434,0.14207236725016592,0.2566667546227216,0.2954843306941409,0.03881757607141928,0.1731209697864842,0.22268304547815007,0.049562075691665874,0.021539226422488067,0.07838351613307504,0.05684428971058697
123,31,2022,24475,0.83026909625,0.85007,0.9039836567926456,0.05391365679264559,0.790283241578237,0.8230907272508707,-0.032807485672633696,0.8534781310169093,0.8332262458557146,0.020251885161194694,0.2566667546227216,0.30233513550112073,0.04566838087839914,0.1731209697864842,0.18138252305261524,0.008261553266131039,0.021539226422488067,0.04743147977117923,0.025892253348691163
123,31,2023,18503,0.8768452183429714,0.85007,0.8762362860076744,0.026166286007674455,0.790283241578237,0.835603862014874,-0.04532062043663698,0.8534781310169093,0.8125934895647838,0.04088464145212545,0.2566667546227216,0.2964941034617772,0.03982734883905559,0.1731209697864842,0.18890108590045937,0.015780116113975173,0.021539226422488067,0.04087797145869487,0.019338745036206806
123,31,2024,19126,0.8714379614137823,0.85007,0.868085328871693,0.018015328871692993,0.790283241578237,0.8420154407195772,-0.051732199141340196,0.8534781310169093,0.8284464493199372,0.02503168169697212,0.2566667546227216,0.28034988293978624,0.02368312831706465,0.1731209697864842,0.17870510200854947,0.0055841322220652745,0.021539226422488067,0.004310974022880609,-0.017228252399607458
123,32,2022,5256,0.9565560359589041,0.85007,0.8679604261796042,0.017890426179604235,0.790283241578237,0.8248954210133328,-0.03461217943509576,0.8534781310169093,0.7937603886970975,0.05971774231981175,0.2566667546227216,0.2940030458474082,0.037336291224686624,0.1731209697864842,0.19234790903160742,0.019226939245123226,0.021539226422488067,0.06443137751355299,0.04289215109106492
123,32,2023,3474,0.951967206390328,0.85007,0.7446747265400115,-0.10539527345998845,0.790283241578237,0.8972660109148638,-0.10698276933662676,0.8534781310169093,0.8634379546871752,-0.009959823670265933,0.2566667546227216,0.19426034701944883,-0.06240640760327276,0.1731209697864842,0.14854066140623856,-0.024580308380245636,0.021539226422488067,0.04368144532125795,0.022142218898769883
123,32,2024,2669,0.9700789246908955,0.85007,0.7186212064443612,-0.13144879355563877,0.790283241578237,0.891520725233925,-0.10123748365568797,0.8534781310169093,0.8653792331374195,-0.01190110212051021,0.2566667546227216,0.18537691426395564,-0.07128984035876595,0.1731209697864842,0.15088476490136524,-0.02223620488511896,0.021539226422488067,0.042802114570114846,0.02126288814762678
123,33,2022,10824,0.8939507737435329,0.85007,0.8438654841093866,-0.006204515890613438,0.790283241578237,0.7832765089923468,0.007006732585890241,0.8534781310169093,0.6821413634462568,0.17133676757065253,0.2566667546227216,0.33716404779903203,0.08049729317631044,0.1731209697864842,0.2460763114575495,0.0729553416710653,0.021539226422488067,0.06069472492522898,0.039155498502740915
123,33,2023,9118,0.9287784519631497,0.85007,0.739526211888572,-0.11054378811142795,0.790283241578237,0.7898903346160149,0.0003929069622221615,0.8534781310169093,0.6076224328593997,0.24585569815750963,0.2566667546227216,0.2943733895532723,0.03770663493055071,0.1731209697864842,0.24821647353780238,0.07509550375131818,0.021539226422488067,0.0035591818577662693,-0.017980044564721798
123,33,2024,11635,0.8796280962612806,0.85007,0.7870219166308552,-0.0630480833691448,0.790283241578237,0.8328925206885571,-0.042609279110320086,0.8534781310169093,0.774567948472674,0.07891018254423532,0.2566667546227216,0.2542972907218231,-0.002369463900898483,0.1731209697864842,0.19368674769673846,0.020565777910254268,0.021539226422488067,0.005710327819887562,-0.015828898602600505
123,34,2022,92492,0.84058476625,0.85007,0.8195087142671799,-0.03056128573282013,0.790283241578237,0.8473421901230087,-0.05705894854477167,0.8534781310169093,0.7961910023556855,0.05728712866122376,0.2566667546227216,0.26962647209490126,0.012959717472179666,0.1731209697864842,0.18712703587666832,0.014006066090184122,0.021539226422488067,0.018654356286464058,-0.002884870136024009
123,34,2023,60795,0.91216271875,0.85007,0.7454724895139403,-0.1045975104860597,0.790283241578237,0.842609709207518,-0.05232646762928095,0.8534781310169093,0.7192580469176214,0.13422008409928787,0.2566667546227216,0.2608762077107651,0.004209453088043491,0.1731209697864842,0.2078583815375961,0.03473741175111189,0.021539226422488067,0.02382506389181349,0.0022858374693254246
123,34,2024,59381,0.9106929925,0.85007,0.7592664320237112,-0.09080356797628875,0.790283241578237,0.8531472176053669,-0.0628639760271299,0.8534781310169093,0.7315212207916071,0.1219569102253022,0.2566667546227216,0.2659146247389467,0.009247870116225132,0.1731209697864842,0.203144829830412,0.03002386004392779,0.021539226422488067,0.01997274602091903,-0.001566480401569037
123,35,2022,14510,0.8321470796002756,0.85007,0.9191592005513439,0.06908920055134393,0.790283241578237,0.7835244284803782,0.006758813097858862,0.8534781310169093,0.9107479572595851,-0.05726982624267585,0.2566667546227216,0.2524307240861916,-0.004236030536529989,0.1731209697864842,0.1369277559475999,-0.0361932138388843,0.021539226422488067,0.007998824290470274,-0.013540402132017793
123,35,2023,4420,0.9433043156108595,0.85007,0.8260180995475113,-0.024051900452488728,0.790283241578237,0.8120583668937988,-0.021775125315561805,0.8534781310169093,0.7586766136879662,0.09480151732894304,0.2566667546227216,0.29387201764279597,0.037205263020074375,0.1731209697864842,0.2115092164248743,0.038388246638390106,0.021539226422488067,0.08165818194266983,0.06011895552018176
123,35,2024,20477,0.8770811712500001,0.85007,0.913756897983103,0.06368689798310301,0.790283241578237,0.8009575886133069,-0.010674347035069864,0.8534781310169093,0.9139961578082803,-0.06051802679137097,0.2566667546227216,0.25486629889042617,-0.001800455732295425,0.1731209697864842,0.1366566029328217,-0.0364643668536625,0.021539226422488067,0.06398427275408824,0.04244504633160018
123,36,2022,219235,0.7868698512500001,0.85007,0.8209455606997058,-0.02912443930029418,0.790283241578237,0.7900814031347179,0.00020183844351917557,0.8534781310169093,0.7403792582648095,0.11309887275209973,0.2566667546227216,0.30681327052306145,0.05014651590033986,0.1731209697864842,0.22527982335231947,0.05215885356583527,0.021539226422488067,0.02193614317848569,0.00039691675599762277
123,36,2023,157294,0.85349043,0.85007,0.773386143145956,-0.076683856854044,0.790283241578237,0.8023749871576149,-0.012091745579377866,0.8534781310169093,0.7219514640994785,0.13152666691743076,0.2566667546227216,0.2835695571679455,0.026902802545223925,0.1731209697864842,0.2259254918334505,0.05280452204696631,0.021539226422488067,0.026292836314169454,0.004753609891681387
123,36,2024,164460,0.8623044550000001,0.85007,0.7618448254894807,-0.08822517451051926,0.790283241578237,0.7908663089454522,-0.0005830673672151399,0.8534781310169093,0.7108027499501292,0.14267538106678013,0.2566667546227216,0.27798113792996704,0.021314383307245444,0.1731209697864842,0.23069016161976066,0.05756919183327647,0.021539226422488067,0.016755238273100437,-0.00478398814938763
123,37,2022,256903,0.82435429375,0.85007,0.740022498764125,-0.11004750123587503,0.790283241578237,0.8827700115526127,-0.09248676997437566,0.8534781310169093,0.7521314692800796,0.10134666173682971,0.2566667546227216,0.27218328250306256,0.015516527880340969,0.1731209697864842,0.1998713198101911,0.026750350023706904,0.021539226422488067,0.010152353923568058,-0.011386872498920009
123,37,2023,214436,0.8840144112499998,0.85007,0.679438154041299,-0.17063184595870096,0.790283241578237,0.8847106027953446,-0.0944273612171076,0.8534781310169093,0.7303752533351386,0.12310287768177064,0.2566667546227216,0.25152414675744905,-0.0051426078652725415,0.1731209697864842,0.19964694606164365,0.026525976275159457,0.021539226422488067,0.017012791681349615,-0.004526434741138452
123,37,2024,149491,0.8600876212499999,0.85007,0.8350803727314687,-0.014989627268531258,0.790283241578237,0.8386608970091811,-0.04837765543094408,0.8534781310169093,0.7709689480294126,0.08250918298749665,0.2566667546227216,0.30461342595090307,0.04794667132818148,0.1731209697864842,0.20777207968039438,0.03465110989391018,0.021539226422488067,0.004659411337851971,-0.016879815084636096
123,38,2022,10816,0.8332334897374261,0.85007,0.9206730769230769,0.07060307692307688,0.790283241578237,0.77044185813517,0.019841383443067073,0.8534781310169093,0.8717696014016645,-0.018291470384755204,0.2566667546227216,0.26516616550148436,0.00849941087876277,0.1731209697864842,0.15394017985247074,-0.019180789934013454,0.021539226422488067,0.05157186469176889,0.03003263826928082
123,38,2023,7639,0.8919449404372298,0.85007,0.9041759392590654,0.05410593925906537,0.790283241578237,0.7648935189690347,0.02538972260920236,0.8534781310169093,0.8372809863724854,0.0161971446444239,0.2566667546227216,0.27506713949103956,0.018400384868317965,0.1731209697864842,0.17496481362875024,0.0018438438422660464,0.021539226422488067,0.012814029141604788,-0.008725197280883279
123,38,2024,7008,0.8938469534817353,0.85007,0.8958333333333334,0.04576333333333338,0.790283241578237,0.845830842210459,-0.05554760063222197,0.8534781310169093,0.8188498989527834,0.03462823206412591,0.2566667546227216,0.2943524197142131,0.037685665091491516,0.1731209697864842,0.18019810502821493,0.007077135241730731,0.021539226422488067,0.059387414600001964,0.0378481881775139
123,39,2022,287388,0.79300399375,0.85007,0.8236112850919315,-0.026458714908068504,0.790283241578237,0.7856904935806734,0.004592747997563595,0.8534781310169093,0.7040519512085578,0.1494261798083515,0.2566667546227216,0.33279611362561395,0.07612935900289236,0.1731209697864842,0.24130422610580526,0.06818325631932107,0.021539226422488067,0.03522242834634626,0.01368320192385819
123,39,2023,229405,0.85245898125,0.85007,0.7775811338026634,-0.07248886619733663,0.790283241578237,0.8112460435663718,-0.020962801988134716,0.8534781310169093,0.6960625359853904,0.15741559503151892,0.2566667546227216,0.30336723806053345,0.04670048343781186,0.1731209697864842,0.233474262929491,0.0603532931430068,0.021539226422488067,0.042479443360402325,0.020940216937914258
123,39,2024,320978,0.83733143125,0.85007,0.8277732430260017,-0.022296756973998244,0.790283241578237,0.8383609375224244,-0.048077695944187315,0.8534781310169093,0.7926783400894313,0.060799790927478004,0.2566667546227216,0.28427887180579775,0.027612117183076157,0.1731209697864842,0.195984085935992,0.02286311614950781,0.021539226422488067,0.017724725119065976,-0.003814501303422091
123,40,2022,29374,0.84904839,0.85007,0.8364540069449172,-0.013615993055082765,0.790283241578237,0.8495393414523305,-0.059256099874093415,0.8534781310169093,0.813462662147949,0.040015468868960236,0.2566667546227216,0.2741951268031411,0.017528372180419527,0.1731209697864842,0.18666800298816194,0.013547033201677744,0.021539226422488067,0.012671933176732653,-0.008867293245755414
123,40,2023,29819,0.87262802875,0.85007,0.8414098393641638,-0.00866016063583619,0.790283241578237,0.8459924436966659,-0.05570920211842889,0.8534781310169093,0.8153564899451554,0.038121641071753865,0.2566667546227216,0.2768673075724354,0.02020055294971379,0.1731209697864842,0.18661708341915473,0.013496113632670531,0.021539226422488067,0.026291323974584557,0.00475209755209649
123,40,2024,32728,0.8852317337499999,0.85007,0.8572170618430701,0.007147061843070124,0.790283241578237,0.8729336420469362,-0.0826504004686992,0.8534781310169093,0.8455961869667962,0.00788194405011311,0.2566667546227216,0.2682605612652174,0.011593806642495819,0.1731209697864842,0.16789357504242017,-0.005227394744064029,0.021539226422488067,0.028977910743377855,0.007438684320889788
123,41,2022,33262,0.90062470875,0.85007,0.8433046719980759,-0.006765328001924087,0.790283241578237,0.8041721968910358,-0.013888955312798767,0.8534781310169093,0.6853932584269663,0.16808487258994298,0.2566667546227216,0.3535136573878477,0.09684690276512609,0.1731209697864842,0.24885089175190808,0.07572992196542389,0.021539226422488067,0.022333606128889905,0.0007943797064018376
123,41,2023,32846,0.9197994925,0.85007,0.8051817572916032,-0.04488824270839675,0.790283241578237,0.7933468626195532,-0.003063621041316189,0.8534781310169093,0.6497056867719134,0.20377244424499585,0.2566667546227216,0.3429720956090925,0.08630534098637088,0.1731209697864842,0.25850977097424654,0.08538880118776235,0.021539226422488067,0.040498299556604556,0.01895907313411649
123,41,2024,32833,0.91233104,0.85007,0.8230134316084428,-0.027056568391557234,0.790283241578237,0.8148258222733955,-0.024542580695158467,0.8534781310169093,0.6905842247560833,0.162893906260826,0.2566667546227216,0.3366506182055571,0.07998386358283549,0.1731209697864842,0.24167399682107263,0.06855302703458843,0.021539226422488067,0.00624505811149989,-0.015294168310988177
123,42,2022,376432,0.84260992,0.85007,0.7653281336336974,-0.08474186636630254,0.790283241578237,0.7573036373298849,0.03297960424835211,0.8534781310169093,0.5741377955474698,0.2793403354694395,0.2566667546227216,0.34154170546197193,0.08487495083925034,0.1731209697864842,0.27757561509926776,0.10445464531278356,0.021539226422488067,0.020684669326302974,-0.0008545570961850935
123,42,2023,293152,0.8870085225000001,0.85007,0.7106825128261107,-0.13938748717388927,0.790283241578237,0.7575528600233774,0.03273038155485963,0.8534781310169093,0.5459157040943343,0.30756242692257496,0.2566667546227216,0.3159111418479604,0.05924438722523878,0.1731209697864842,0.27856190128903563,0.10544093150255143,0.021539226422488067,0.013631477122777569,-0.007907749299710498
123,42,2024,283131,0.87852823875,0.85007,0.7362210425562725,-0.11384895744372747,0.790283241578237,0.7788762503023459,0.011406991275891176,0.8534781310169093,0.5978505616232724,0.25562756939363684,0.2566667546227216,0.31535222336207647,0.058685468739354874,0.1731209697864842,0.2643225830938311,0.09120161330734691,0.021539226422488067,0.019158818253004473,-0.0023804081694835943
123,44,2022,13342,0.8927820960125918,0.85007,0.8516714135811723,0.001601413581172273,0.790283241578237,0.7622726296624105,0.028010611915826544,0.8534781310169093,0.7753975152103891,0.07808061580652015,0.2566667546227216,0.2873904107817183,0.030723656158996693,0.1731209697864842,0.20680524558367486,0.03368427579719066,0.021539226422488067,0.014803710411913196,-0.006735516010574871
123,44,2023,9348,0.9292136847454001,0.85007,0.8168592212237912,-0.033210778776208816,0.790283241578237,0.7796853811018147,0.010597860476422305,0.8534781310169093,0.7274306926783034,0.12604743833860588,0.2566667546227216,0.29108520107294633,0.03441844645022474,0.1731209697864842,0.22217691489999,0.049055945113505806,0.021539226422488067,0.01591206989113836,-0.0056271565313497085
123,44,2024,9217,0.9320214576326353,0.85007,0.8183790821308452,-0.03169091786915479,0.790283241578237,0.7864313499456959,0.0038518916325411823,0.8534781310169093,0.7290420355746989,0.12443609544221035,0.2566667546227216,0.2935702897718664,0.036903535149144795,0.1731209697864842,0.22016550338871577,0.04704453360223157,0.021539226422488067,0.05125180786488137,0.029712581442393304
123,45,2022,38395,0.8224435112499999,0.85007,0.8449537700221383,-0.005116229977861653,0.790283241578237,0.8156395541040906,-0.025356312525853575,0.8534781310169093,0.7687628261506889,0.08471530486622036,0.2566667546227216,0.3041550051708625,0.04748825054814093,0.1731209697864842,0.2075418530250107,0.03442088323852649,0.021539226422488067,0.012144368420498042,-0.009394858001990025
123,45,2023,17688,0.8769435931139756,0.85007,0.8468453188602443,-0.003224681139755714,0.790283241578237,0.8070858572002035,-0.0168026156219665,0.8534781310169093,0.813442709711564,0.04003542130534532,0.2566667546227216,0.2660031452509188,0.009336390628197189,0.1731209697864842,0.18829909909522258,0.01517812930873838,0.021539226422488067,0.03080898019561973,0.009269753773131661
123,45,2024,14956,0.8901443835250068,0.85007,0.832642417758759,-0.01742758224124097,0.790283241578237,0.8224978656464241,-0.03221462406818709,0.8534781310169093,0.8009395725865881,0.05253855843032118,0.2566667546227216,0.26418099509395954,0.007514240471237943,0.1731209697864842,0.1869942713405367,0.013873301554052503,0.021539226422488067,0.025855589417807745,0.004316362995319678
123,46,2022,18639,0.786599725038897,0.85007,0.9398036375342025,0.08973363753420249,0.790283241578237,0.8758366585981108,-0.08555341701987373,0.8534781310169093,0.8972368829556039,-0.04375875193869461,0.2566667546227216,0.2935245787814383,0.03685782415871669,0.1731209697864842,0.14428621510680348,-0.02883475467968072,0.021539226422488067,0.03898260232119988,0.01744337589871181
123,46,2023,17537,0.8527347764726008,0.85007,0.9377316530763529,0.08766165307635287,0.790283241578237,0.895879204407632,-0.10559596282939498,0.8534781310169093,0.9139876100423867,-0.06050947902547743,0.2566667546227216,0.279222514348872,0.022555759726150426,0.1731209697864842,0.13074331783299406,-0.042377651953490136,0.021539226422488067,0.009422108365384041,-0.012117118057104026
123,46,2024,17415,0.8622500631639392,0.85007,0.9285673270169394,0.07849732701693946,0.790283241578237,0.8893927510264588,-0.09910950944822172,0.8534781310169093,0.9195424965490041,-0.06606436553209483,0.2566667546227216,0.26546569232459066,0.00879893770186907,0.1731209697864842,0.12601641011939382,-0.04710455966709037,0.021539226422488067,0.050839672881744846,0.02930044645925678
123,47,2022,106425,0.78380009875,0.85007,0.8215268968757341,-0.02854310312426589,0.790283241578237,0.8489336286819475,-0.05865038710371051,0.8534781310169093,0.7956487956487956,0.05782933536811363,0.2566667546227216,0.2843001314687794,0.027633376846057822,0.1731209697864842,0.19364418371341333,0.02052321392692913,0.021539226422488067,0.0473617676443876,0.02582254122189953
123,47,2023,86513,0.8330512874999999,0.85007,0.7831424179025117,-0.06692758209748828,0.790283241578237,0.8747688186664895,-0.08448557708825244,0.8534781310169093,0.8023570686513276,0.05112106236558167,0.2566667546227216,0.2595480638495872,0.0028813092268655804,0.1731209697864842,0.18246118617590304,0.009340216389418843,0.021539226422488067,0.022556916239465208,0.001017689816977141
123,47,2024,82435,0.8197432612500001,0.85007,0.7832352762782798,-0.06683472372172017,0.790283241578237,0.8499794744845008,-0.0596962329062638,0.8534781310169093,0.8161629105013897,0.03731522051551961,0.2566667546227216,0.2381939007484367,-0.018472853874284906,0.1731209697864842,0.17702194985075076,0.0039009800642665626,0.021539226422488067,0.04671400710007323,0.025174780677585162
123,48,2022,1019874,0.76005171875,0.85007,0.7524958965519271,-0.09757410344807294,0.790283241578237,0.8736053670382515,-0.0833221254600145,0.8534781310169093,0.867734249153674,-0.01425611813676475,0.2566667546227216,0.19025428268138592,-0.06641247194133568,0.1731209697864842,0.15019294064019406,-0.022928029146290135,0.021539226422488067,0.0022964678811047134,-0.019242758541383354
123,48,2023,936002,0.852167605,0.85007,0.7151448394341038,-0.1349251605658962,0.790283241578237,0.8931981992049576,-0.10291495762672054,0.8534781310169093,0.8665574772117662,-0.013079346194856956,0.2566667546227216,0.17485275192564007,-0.08181400269708153,0.1731209697864842,0.14376802012870887,-0.029352949657775323,0.021539226422488067,0.0032635525367453733,-0.018275673885742694
123,48,2024,938754,0.8568511225,0.85007,0.739025346363371,-0.11104465363662896,0.790283241578237,0.8823775323170591,-0.09209429073882203,0.8534781310169093,0.8677230313715132,-0.014244900354603907,0.2566667546227216,0.1893279305466895,-0.06733882407603209,0.1731209697864842,0.1477389439399086,-0.02538202584657559,0.021539226422488067,0.005795968246883221,-0.015743258175604846
123,49,2022,113773,0.88704857,0.85007,0.8023081047348668,-0.04776189526513319,0.790283241578237,0.7646006851230376,0.025682556455199457,0.8534781310169093,0.6295292553384726,0.2239488756784367,0.2566667546227216,0.3455500609422373,0.08888330631951569,0.1731209697864842,0.26558201025789213,0.09246104047140793,0.021539226422488067,0.03547163649231444,0.013932410069826373
123,49,2023,72536,0.90723736125,0.85007,0.8265413036285431,-0.023528696371456936,0.790283241578237,0.8115478582856936,-0.021264616707456607,0.8534781310169093,0.708012999169147,0.14546513184776233,0.2566667546227216,0.33459860673048936,0.07793185210776776,0.1731209697864842,0.23960162705737403,0.06648065727088984,0.021539226422488067,0.042050738416184785,0.02051151199369672
123,49,2024,63924,0.9031240762500001,0.85007,0.7892184469057005,-0.06085155309429946,0.790283241578237,0.7902554639239865,2.7777654250549233e-05,0.8534781310169093,0.6646590719786768,0.18881905903823248,0.2566667546227216,0.3237781042561664,0.06711134963344478,0.1731209697864842,0.24926468240899038,0.07614371262250619,0.021539226422488067,0.0175367033279763,-0.004002523094511767
123,50,2022,6648,0.9132105595667869,0.85007,0.9089951865222623,0.05892518652226231,0.790283241578237,0.8105478232447076,-0.020264581666470605,0.8534781310169093,0.8496997690531178,0.0037783619637914434,0.2566667546227216,0.29537286966834664,0.038706115045625045,0.1731209697864842,0.17486595543016833,0.0017449856436841382,0.021539226422488067,0.11374364004428594,0.09220441362179788
123,50,2024,5714,0.9284177721386069,0.85007,0.9109205460273013,0.06085054602730133,0.790283241578237,0.8121884843234843,-0.0219052427452473,0.8534781310169093,0.7750172532781229,0.0784608777387864,0.2566667546227216,0.33547272919458676,0.07880597457186517,0.1731209697864842,0.2101377125813317,0.03701674279484751,0.021539226422488067,0.12649380730211934,0.10495458087963128
123,51,2022,130626,0.7920499824999999,0.85007,0.8885826711374458,0.03851267113744583,0.790283241578237,0.8244907772175698,-0.034207535639332765,0.8534781310169093,0.894752629139133,-0.041274498122223724,0.2566667546227216,0.23347374200586013,-0.023193012616861464,0.1731209697864842,0.13956911756733617,-0.033551852219148026,0.021539226422488067,0.025767570740586443,0.004228344318098376
123,51,2023,98664,0.8632153912499999,0.85007,0.8783446849914862,0.02827468499148622,0.790283241578237,0.811942951688756,-0.021659710110518926,0.8534781310169093,0.8840707315283587,-0.030592600511449408,0.2566667546227216,0.23016651073036712,-0.026500243892354475,0.1731209697864842,0.1453072269779725,-0.027813742808511704,0.021539226422488067,0.050775318090102495,0.029236091667614428
123,51,2024,79616,0.87075527375,0.85007,0.8689836213826366,0.018913621382636636,0.790283241578237,0.8171632750586038,-0.026880033480366716,0.8534781310169093,0.8701558812569867,-0.01667775024007745,0.2566667546227216,0.2408244594935126,-0.015842295129208983,0.1731209697864842,0.15458588458461964,-0.01853508520186456,0.021539226422488067,0.039988095794327716,0.01844886937183965
123,53,2022,114794,0.8622942,0.85007,0.832308308796627,-0.01776169120337301,0.790283241578237,0.7956677013432851,-0.0053844597650480885,0.8534781310169093,0.7320719040257566,0.12140622699115267,0.2566667546227216,0.31120524392579463,0.054538489303073034,0.1731209697864842,0.22349929377610145,0.05037832398961725,0.021539226422488067,0.036795709177167346,0.01525648275467928
123,53,2023,51623,0.9325934712500001,0.85007,0.7378300369990121,-0.11223996300098793,0.790283241578237,0.7732546678694787,0.01702857370875832,0.8534781310169093,0.5872360044686398,0.2662421265482695,0.2566667546227216,0.3085804417021458,0.05191368707942423,0.1731209697864842,0.2626876971591599,0.08956672737267571,0.021539226422488067,0.04388409963950368,0.022344873217015615
123,53,2024,58324,0.9115806012500001,0.85007,0.7716720389548042,-0.07839796104519581,0.790283241578237,0.8094190379326389,-0.01913579635440188,0.8534781310169093,0.6963489660727429,0.1571291649441664,0.2566667546227216,0.286807324266312,0.03014056964359041,0.1731209697864842,0.22729904653979255,0.05417807675330835,0.021539226422488067,0.054616886350604466,0.0330776599281164
123,54,2022,8082,0.9358503093293739,0.85007,0.7958426132145509,-0.05422738678544914,0.790283241578237,0.8087938150158298,-0.01851057343759277,0.8534781310169093,0.7124662292551138,0.14101190176179546,0.2566667546227216,0.32611774828543916,0.06945099366271756,0.1731209697864842,0.24144022188497993,0.06831925209849574,0.021539226422488067,0.09986902686660848,0.07832980044412041
123,54,2023,6621,0.9459933809092282,0.85007,0.7424860293007098,-0.10758397069929015,0.790283241578237,0.7931930926366477,-0.002909851058410684,0.8534781310169093,0.6596518576253573,0.193826273391552,0.2566667546227216,0.3007176838634201,0.04405092924069853,0.1731209697864842,0.24760595097874688,0.07448498119226268,0.021539226422488067,0.09218122405717333,0.07064199763468526
123,54,2024,5773,0.9435645764767019,0.85007,0.7495236445522259,-0.10054635544777413,0.790283241578237,0.7981489703591684,-0.007865728780931391,0.8534781310169093,0.640289942615524,0.21318818840138531,0.2566667546227216,0.31580853441646584,0.05914177979374424,0.1731209697864842,0.2548513746535154,0.08173040486703118,0.021539226422488067,0.044292574875572255,0.022753348453084188
123,55,2022,106561,0.8345936575,0.85007,0.8856241964696278,0.035554196469627763,0.790283241578237,0.7694111612694425,0.020872080308794505,0.8534781310169093,0.6806519481938904,0.17282618282301887,0.2566667546227216,0.38380580417967025,0.12713904955694866,0.1731209697864842,0.260323429730641,0.08720245994415679,0.021539226422488067,0.0046075648978252115,-0.016931661524662855
123,55,2023,82927,0.8820497250000001,0.85007,0.8524605978752396,0.002390597875239653,0.790283241578237,0.771143726547884,0.01913951503035305,0.8534781310169093,0.6222535184462693,0.23122461257063998,0.2566667546227216,0.3850703021019792,0.12840354747925758,0.1731209697864842,0.27659693060476664,0.10347596081828245,0.021539226422488067,0.019668851586022162,-0.0018703748364659045
123,55,2024,85624,0.869170465,0.85007,0.8514318415397553,0.0013618415397552708,0.790283241578237,0.7797116795232304,0.010571562055006645,0.8534781310169093,0.6632446837050417,0.19023344731186753,0.2566667546227216,0.365375832961243,0.10870907833852139,0.1731209697864842,0.26028906306083505,0.08716809327435085,0.021539226422488067,0.049240431445722876,0.02770120502323481
123,72,2022,17717,0.9324598408308404,0.85007,0.7870406953773212,-0.06302930462267875,0.790283241578237,0.6909962461637089,0.09928699541452812,0.8534781310169093,0.7966302891058779,0.05684784191103143,0.2566667546227216,0.2228729982060385,-0.033793756416683085,0.1731209697864842,0.20600983977625514,0.03288886998977095,0.021539226422488067,0.024443452956225187,0.00290422653373712
123,72,2023,15050,0.9508938820598007,0.85007,0.806578073089701,-0.04349192691029902,0.790283241578237,0.6703698306932449,0.11991341088499219,0.8534781310169093,0.8071003847499125,0.046377746266996756,0.2566667546227216,0.23143712085034304,-0.02522963377237855,0.1731209697864842,0.20830656551565377,0.03518559572916957,0.021539226422488067,0.004449353876937678,-0.01708987254555039
123,72,2024,14116,0.9522817016151885,0.85007,0.8005809011051289,-0.049489098894871075,0.790283241578237,0.6876482739467402,0.10263496763149682,0.8534781310169093,0.8191686769344962,0.03430945408241304,0.2566667546227216,0.21846062435818314,-0.03820613026453845,0.1731209697864842,0.19673408173908555,0.02361311195260135,0.021539226422488067,0.04761445311193313,0.026075226689445063
