{
  "domain": "clinical",
  "multiclass": false,
  "primary_axis": "age",
  "models": {
    "fedavg": {
      "42": {
        "splits": {
          "source_test": {
            "auc": 0.7876781439798675,
            "auc_se": 0.004212068310594365,
            "macro_f1": 0.4789313640312772,
            "ece": 0.16789073732953178,
            "brier": 0.17443282310885988,
            "axis_gaps": {
              "age": {
                "gap_auc": 0.12110550112718221,
                "gap_ece": 0.23899392360372984,
                "subgroup_auc": {
                  "18-39": 0.7698901610851298,
                  "40-59": 0.7047011001331832,
                  "60+": 0.6487846599579475
                },
                "subgroup_ece": {
                  "18-39": 0.04776325021905269,
                  "40-59": 0.1788431653958425,
                  "60+": 0.28675717382278254
                }
              },
              "bmi": {
                "gap_auc": 0.05590775909826318,
                "gap_ece": 0.1392565424592462,
                "subgroup_auc": {
                  "normal": 0.8060030532148911,
                  "obese": 0.7500952941166279,
                  "overweight": 0.7626295369054278
                },
                "subgroup_ece": {
                  "normal": 0.0864044404907647,
                  "obese": 0.2256609829500109,
                  "overweight": 0.16816272198312066
                }
              },
              "race": {
                "gap_auc": 0.04776747872438114,
                "gap_ece": 0.13434996672965452,
                "subgroup_auc": {
                  "asian_nh": 0.8175064230659435,
                  "black_nh": 0.7806578331785075,
                  "mexican_american": 0.788922995100257,
                  "other_hispanic": 0.7967713314331928,
                  "other_multi": 0.8284253119028886,
                  "white_nh": 0.7960454421882291
                },
                "subgroup_ece": {
                  "asian_nh": 0.08693309869709609,
                  "black_nh": 0.1673247177380213,
                  "mexican_american": 0.1408733252099357,
                  "other_hispanic": 0.1567631360652533,
                  "other_multi": 0.13293748837688382,
                  "white_nh": 0.2212830654267506
                }
              },
              "sex": {
                "gap_auc": 0.00039235569686024707,
                "gap_ece": 0.01674617309575191,
                "subgroup_auc": {
                  "female": 0.7862864002250329,
                  "male": 0.7866787559218932
                },
                "subgroup_ece": {
                  "female": 0.15995064562443417,
                  "male": 0.17669681872018608
                }
              }
            }
          },
          "target_brfss": {
            "auc": 0.7568636550083386,
            "auc_se": 0.000580455118102944,
            "macro_f1": 0.3479127536726808,
            "ece": 0.2761723718103067,
            "brier": 0.21717555461153065,
            "axis_gaps": {
              "age": {
                "gap_auc": 0.053527958893352934,
                "gap_ece": 0.37023004847096674,
                "subgroup_auc": {
                  "18-39": 0.7220585492043535,
                  "40-59": 0.7145074426185709,
                  "60+": 0.6685305903110006
                },
                "subgroup_ece": {
                  "18-39": 0.04637005985951669,
                  "40-59": 0.24567461546153313,
                  "60+": 0.41660010833048344
                }
              },
              "bmi": {
                "gap_auc": NaN,
                "gap_ece": NaN,
                "subgroup_auc": {},
                "subgroup_ece": {}
              },
              "race": {
                "gap_auc": NaN,
                "gap_ece": NaN,
                "subgroup_auc": {},
                "subgroup_ece": {}
              },
              "sex": {
                "gap_auc": NaN,
                "gap_ece": NaN,
                "subgroup_auc": {},
                "subgroup_ece": {}
              }
            }
          }
        },
        "deltas": {
          "target_brfss": {
            "delta_auc": 0.03081448897152883,
            "delta_auc_p": 4.2521541843143495e-13,
            "delta_gap_auc": -0.0661385563934308,
            "delta_gap_point": -0.06757754223382928,
            "delta_gap_ci": [
              -0.11269804715433636,
              -0.016389540570819122
            ],
            "delta_gap_p": 0.011
          }
        }
      }
    },
    "xgb": {
      "42": {
        "splits": {
          "source_test": {
            "auc": 0.7685298723993715,
            "auc_se": 0.0044090389887075495,
            "macro_f1": 0.4640806281495371,
            "ece": 0.17333618012026694,
            "brier": 0.1814227056417247,
            "axis_gaps": {
              "age": {
                "gap_auc": 0.04566986957786501,
                "gap_ece": 0.20677257045208394,
                "subgroup_auc": {
                  "18-39": 0.6870285258650038,
                  "40-59": 0.6663535927664159,
                  "60+": 0.6413586562871388
                },
                "subgroup_ece": {
                  "18-39": 0.05515418873870251,
                  "40-59": 0.2120706559558785,
                  "60+": 0.26192675919078645
                }
              },
              "bmi": {
                "gap_auc": 0.06640207112786656,
                "gap_ece": 0.11980861625901115,
                "subgroup_auc": {
                  "normal": 0.7797670421079204,
                  "obese": 0.7133649709800538,
                  "overweight": 0.7584870202082122
                },
                "subgroup_ece": {
                  "normal": 0.09734736691609525,
                  "obese": 0.2171559831751064,
                  "overweight": 0.18344841090495154
                }
              },
              "race": {
                "gap_auc": 0.06448396313078064,
                "gap_ece": 0.06950338401841935,
                "subgroup_auc": {
                  "asian_nh": 0.8003935402308227,
                  "black_nh": 0.7429230279898219,
                  "mexican_american": 0.759732102461423,
                  "other_hispanic": 0.7762898578035318,
                  "other_multi": 0.8074069911206025,
                  "white_nh": 0.7630286265342906
                },
                "subgroup_ece": {
                  "asian_nh": 0.14591641699120658,
                  "black_nh": 0.19266218330761237,
                  "mexican_american": 0.1821200042085636,
                  "other_hispanic": 0.17940773877842447,
                  "other_multi": 0.12315879928919302,
                  "white_nh": 0.17244251924248616
                }
              },
              "sex": {
                "gap_auc": 0.005216192865891145,
                "gap_ece": 0.009888692354703577,
                "subgroup_auc": {
                  "female": 0.7699572829887517,
                  "male": 0.7647410901228605
                },
                "subgroup_ece": {
                  "female": 0.16854095415989345,
                  "male": 0.17842964651459703
                }
              }
            }
          },
          "target_brfss": {
            "auc": 0.6996186525755276,
            "auc_se": 0.0006204471675278128,
            "macro_f1": 0.3017772046868868,
            "ece": 0.41016026203691186,
            "brier": 0.3218083807551637,
            "axis_gaps": {
              "age": {
                "gap_auc": 0.06901947225292926,
                "gap_ece": 0.35358073596176964,
                "subgroup_auc": {
                  "18-39": 0.6555786413576029,
                  "40-59": 0.6450631560964922,
                  "60+": 0.5865591691046736
                },
                "subgroup_ece": {
                  "18-39": 0.16408465643478878,
                  "40-59": 0.4393672374434836,