{
  "domain": "security",
  "multiclass": false,
  "primary_axis": "attack_family",
  "models": {
    "lightgbm": {
      "7": {
        "splits": {
          "source_test": {
            "auc": 0.9999902003382029,
            "auc_se": 3.953338627747989e-06,
            "macro_f1": 0.9993892699426853,
            "ece": 0.0009629358543118771,
            "brier": 0.0009054773682632527,
            "axis_gaps": {
              "attack_family": {
                "gap_auc": NaN,
                "gap_ece": 0.16100716056778025,
                "subgroup_auc": {},
                "subgroup_ece": {
                  "benign": 0.002532199854072835,
                  "ddos": 0.1610078303625581,
                  "dns": 0.0032916070663616143,
                  "ldap": 0.001391393669446334,
                  "mssql": 0.0006507205082039904,
                  "netbios": 3.969480604659736e-06,
                  "ntp": 0.0006038746169232802,
                  "portmap": 0.009294555503038471,
                  "snmp": 6.697947778633306e-07,
                  "syn": 0.0010860418830182768,
                  "tftp": 0.00024425460189520404,
                  "udp": 3.746709629326439e-06
                }
              }
            }
          },
          "target_cicids2017": {
            "auc": 0.6300306625,
            "auc_se": 0.0027846180340042152,
            "macro_f1": 0.28857699805068227,
            "ece": 0.4544886755766877,
            "brier": 0.45140194676109896,
            "axis_gaps": {
              "attack_family": {
                "gap_auc": NaN,
                "gap_ece": 0.8471490222182108,
                "subgroup_auc": {},
                "subgroup_ece": {
                  "benign": 0.10011464434863654,
                  "ddos": 0.6448745127460532,
                  "goldeneye": 0.6960762226084815,
                  "hulk": 0.9472636665668474,
                  "slowhttp": 0.8840344222027798,
                  "slowloris": 0.7495709738045148
                }
              }
            }
          }
        },
        "deltas": {
          "target_cicids2017": {
            "delta_auc": 0.3699595378382029,
            "delta_auc_p": 0.0,
            "delta_gap_auc": NaN,
            "delta_gap_point": NaN,
            "delta_gap_ci": [
              NaN,
              NaN
            ],
            "delta_gap_p": null
          }
        }
      },
      "42": {
        "splits": {
          "source_test": {
            "auc": 0.9999884388651417,
            "auc_se": 5.148433540638175e-06,
            "macro_f1": 0.9993657654271687,
            "ece": 0.0009615543241592343,
            "brier": 0.0009108603507773338,
            "axis_gaps": {
              "attack_family": {
                "gap_auc": NaN,
                "gap_ece": 0.1723515814386126,
                "subgroup_auc": {},
                "subgroup_ece": {
                  "benign": 0.002535748334796442,
                  "ddos": 0.17235215573103554,
                  "dns": 0.003256844334901838,
                  "ldap": 0.0014207197235366151,
                  "mssql": 0.0006487556037940567,
                  "netbios": 4.952588114615075e-06,
                  "ntp": 0.0005723749169961017,
                  "portmap": 0.009374921937042268,
                  "snmp": 5.742924229501511e-07,
                  "syn": 0.0011300768478450997,
                  "tftp": 0.00024439466154109257,
                  "udp": 3.0763960499058385e-06
                }
              }
            }
          },
          "target_cicids2017": {
            "auc": 0.63543038875,
            "auc_se": 0.0027731640358144363,
            "macro_f1": 0.289366373902133,
            "ece": 0.4507126058527993,
            "brier": 0.44863415438016957,
            "axis_gaps": {
              "attack_family": {
                "gap_auc": NaN,
                "gap_ece": 0.8536925243359113,
                "subgroup_auc": {},
                "subgroup_ece": {
                  "benign": 0.09350819449513582,
                  "ddos": 0.6449588628350268,
                  "goldeneye": 0.7027231091784369,
                  "hulk": 0.9472007188310471,
                  "slowhttp": 0.8930936184013318,
                  "slowloris": 0.8171285904136577
                }
              }
            }
          }
        },
        "deltas": {
          "target_cicids2017": {
            "delta_auc": 0.36455805011514164,
            "delta_auc_p": 0.0,
            "delta_gap_auc": NaN,
            "delta_gap_point": NaN,
            "delta_gap_ci": [
              NaN,
              NaN
            ],
            "delta_gap_p": null
          }
        }
      },
      "123": {
        "splits": {
          "source_test": {
            "auc": 0.9999897188688993,
            "auc_se": 4.1684962158033975e-06,
            "macro_f1": 0.9994362756612016,
            "ece": 0.0009275899682049994,
            "brier": 0.000861343756756603,
            "axis_gaps": {
              "attack_family": {
                "gap_auc": NaN,
                "gap_ece": 0.1483117803318306,
                "subgroup_auc": {},
                "subgroup_ece": {
                  "benign": 0.00248550378988879,
                  "ddos": 0.1483126037043462,
                  "dns": 0.003422975366099673,
                  "ldap": 0.0014271007178908459,
                  "mssql": 0.0006513669613961974,
                  "netbios": 3.7381023173521655e-06,
                  "ntp": 0.0005469782261994952,
                  "portmap": 0.006311957003133001,
                  "snmp": 8.233725156125971e-07,
                  "syn": 0.0010523102749605765,
                  "tftp": 0.00024373868094451653,
                  "udp": 3.445607541840978e-06
                }
              }
            }
          },
          "target_cicids2017": {
            "auc": 0.6628465625000001,
            "auc_se": 0.0027181411938771876,
            "macro_f1": 0.290115230853649,
            "ece": 0.45140656607731133,
            "brier": 0.4482059933705184,
            "axis_gaps": {
              "attack_family": {
                "gap_auc": NaN,
                "gap_ece": 0.8535641441053513,
                "subgroup_auc": {},
                "subgroup_ece": {
                  "benign": 0.09357149045720525,
                  "ddos": 0.644437261363422,
                  "goldeneye": 0.6964386346587598,
                  "hulk": 0.9471356345625566,
                  "slowhttp": 0.8847317234599241,
                  "slowloris": 0.7564000986926457
                }
              }
            }
          }
        },
        "deltas": {
          "target_cicids2017": {
            "delta_auc": 0.33714315636889924,
            "delta_auc_p": 0.0,
            "delta_gap_auc": NaN,
            "delta_gap_point": NaN,
            "delta_gap_ci": [
              NaN,
              NaN
            ],
            "delta_gap_p": null
          }
        }
      }
    },
    "xgboost": {
      "7": {
        "splits": {
          "source_test": {
            "auc": 0.9999821386631593,
            "auc_se": 7.784934532518445e-06,
            "macro_f1": 0.9993422598073761,
            "ece": 0.0008036976326681377,
            "brier": 0.0008554608960778505,
            "axis_gaps": {
              "attack_family": {
                "gap_auc": NaN,
                "gap_ece": 0.15613156880659407,
                "subgroup_auc": {},
                "subgroup_ece": {
                  "benign": 0.002817587651196618,
                  "ddos": 0.15619807392358787,
                  "dns": 0.006097878221040999,
                  "ldap": 0.00193735113461246,
                  "mssql": 0.0006608600349930155,
                  "netbios": 0.000666752205056631,
                  "ntp": 0.001016168674970577,
                  "portmap": 0.01715781097694975,
                  "snmp": 6.650511699379802e-05,
                  "syn": 0.0012052910172801906,