{
  "n_shift_points": 16,
  "domains_present": [
    "clinical",
    "lending",
    "nlp",
    "security"
  ],
  "M1_gap_vs_calibration": {
    "n": 14,
    "slope": 0.41499649934435007,
    "ci": [
      0.16931044264343678,
      0.603271424831619
    ],
    "r2": 0.41441586472612724,
    "sig": true
  },
  "M2_gap_vs_covariateshift": {
    "n": 11,
    "slope": 0.5355415356722942,
    "ci": [
      0.3465359266462875,
      0.8433067841735785
    ],
    "r2": 0.7706560993730885,
    "sig": true
  },
  "M3_gap_vs_accuracyloss": {
    "n": 14,
    "slope": 0.3443727147836833,
    "ci": [
      0.27095193369660103,
      0.4351644561389233
    ],
    "r2": 0.8178318635715836,
    "sig": true
  }
}