{
  "source_test": {
    "ddos": 0.8,
    "dns": 0.9957924263674615,
    "ldap": 0.9985611510791367,
    "mssql": 0.9993478969677209,
    "netbios": 1.0,
    "ntp": 0.999478759447485,
    "portmap": 0.9915254237288136,
    "snmp": 1.0,
    "syn": 0.9987446648255084,
    "tftp": 0.9997564539698003,
    "udp": 1.0
  },
  "target_cicids2017": {
    "ddos": 0.35485083980947607,
    "goldeneye": 0.30642504118616143,
    "hulk": 0.05246053853296193,
    "slowhttp": 0.12037037037037036,
    "slowloris": 0.21495327102803738
  }
}